USE [master]
GO
/****** Object:  Database [viper]    Script Date: 2021/7/8 10:15:42 ******/
CREATE DATABASE [viper]
 CONTAINMENT = NONE
 ON  PRIMARY 
( NAME = N'viper', FILENAME = N'C:\MSSQL\DATA\viper.mdf' , SIZE = 8192KB , MAXSIZE = UNLIMITED, FILEGROWTH = 65536KB )
 LOG ON 
( NAME = N'viper_log', FILENAME = N'C:\MSSQL\DATA\viper_log.ldf' , SIZE = 8192KB , MAXSIZE = 2048GB , FILEGROWTH = 65536KB )
 WITH CATALOG_COLLATION = DATABASE_DEFAULT
GO
ALTER DATABASE [viper] SET COMPATIBILITY_LEVEL = 150
GO
IF (1 = FULLTEXTSERVICEPROPERTY('IsFullTextInstalled'))
begin
EXEC [viper].[dbo].[sp_fulltext_database] @action = 'enable'
end
GO
ALTER DATABASE [viper] SET ANSI_NULL_DEFAULT OFF 
GO
ALTER DATABASE [viper] SET ANSI_NULLS OFF 
GO
ALTER DATABASE [viper] SET ANSI_PADDING OFF 
GO
ALTER DATABASE [viper] SET ANSI_WARNINGS OFF 
GO
ALTER DATABASE [viper] SET ARITHABORT OFF 
GO
ALTER DATABASE [viper] SET AUTO_CLOSE OFF 
GO
ALTER DATABASE [viper] SET AUTO_SHRINK OFF 
GO
ALTER DATABASE [viper] SET AUTO_UPDATE_STATISTICS ON 
GO
ALTER DATABASE [viper] SET CURSOR_CLOSE_ON_COMMIT OFF 
GO
ALTER DATABASE [viper] SET CURSOR_DEFAULT  GLOBAL 
GO
ALTER DATABASE [viper] SET CONCAT_NULL_YIELDS_NULL OFF 
GO
ALTER DATABASE [viper] SET NUMERIC_ROUNDABORT OFF 
GO
ALTER DATABASE [viper] SET QUOTED_IDENTIFIER OFF 
GO
ALTER DATABASE [viper] SET RECURSIVE_TRIGGERS OFF 
GO
ALTER DATABASE [viper] SET  DISABLE_BROKER 
GO
ALTER DATABASE [viper] SET AUTO_UPDATE_STATISTICS_ASYNC OFF 
GO
ALTER DATABASE [viper] SET DATE_CORRELATION_OPTIMIZATION OFF 
GO
ALTER DATABASE [viper] SET TRUSTWORTHY OFF 
GO
ALTER DATABASE [viper] SET ALLOW_SNAPSHOT_ISOLATION OFF 
GO
ALTER DATABASE [viper] SET PARAMETERIZATION SIMPLE 
GO
ALTER DATABASE [viper] SET READ_COMMITTED_SNAPSHOT OFF 
GO
ALTER DATABASE [viper] SET HONOR_BROKER_PRIORITY OFF 
GO
ALTER DATABASE [viper] SET RECOVERY FULL 
GO
ALTER DATABASE [viper] SET  MULTI_USER 
GO
ALTER DATABASE [viper] SET PAGE_VERIFY CHECKSUM  
GO
ALTER DATABASE [viper] SET DB_CHAINING OFF 
GO
ALTER DATABASE [viper] SET FILESTREAM( NON_TRANSACTED_ACCESS = OFF ) 
GO
ALTER DATABASE [viper] SET TARGET_RECOVERY_TIME = 60 SECONDS 
GO
ALTER DATABASE [viper] SET DELAYED_DURABILITY = DISABLED 
GO
ALTER DATABASE [viper] SET ACCELERATED_DATABASE_RECOVERY = OFF  
GO
EXEC sys.sp_db_vardecimal_storage_format N'viper', N'ON'
GO
ALTER DATABASE [viper] SET QUERY_STORE = OFF
GO
USE [viper]
GO
/****** Object:  Table [dbo].[bif_company]    Script Date: 2021/7/8 10:15:42 ******/
SET ANSI_NULLS ON
GO
SET QUOTED_IDENTIFIER ON
GO
CREATE TABLE [dbo].[bif_company](
	[id] [bigint] NOT NULL,
	[code] [nvarchar](20) NULL,
	[name] [nvarchar](255) NULL,
	[type] [int] NULL,
	[address] [nvarchar](255) NULL,
	[tel] [nvarchar](20) NULL,
	[fax] [nvarchar](20) NULL,
	[zip] [nvarchar](20) NULL,
	[email] [nvarchar](40) NULL,
	[website] [nvarchar](40) NULL,
	[person] [nvarchar](20) NULL,
	[state] [int] NULL,
	[rdt] [datetime] NULL,
 CONSTRAINT [PK__bif_comp__3213E83F40A25202] PRIMARY KEY CLUSTERED 
(
	[id] ASC
)WITH (PAD_INDEX = OFF, STATISTICS_NORECOMPUTE = OFF, IGNORE_DUP_KEY = OFF, ALLOW_ROW_LOCKS = ON, ALLOW_PAGE_LOCKS = ON, OPTIMIZE_FOR_SEQUENTIAL_KEY = OFF) ON [PRIMARY]
) ON [PRIMARY]
GO
/****** Object:  Table [dbo].[sys_func]    Script Date: 2021/7/8 10:15:43 ******/
SET ANSI_NULLS ON
GO
SET QUOTED_IDENTIFIER ON
GO
CREATE TABLE [dbo].[sys_func](
	[id] [bigint] NOT NULL,
	[fname] [nvarchar](255) NULL,
	[fcode] [nvarchar](255) NULL,
	[forder] [float] NULL,
	[pid] [bigint] NULL,
	[furl] [nvarchar](255) NULL,
	[show] [smallint] NULL,
	[icon] [nvarchar](255) NULL,
 CONSTRAINT [PK__sys_func__3213E83FEC1D7741] PRIMARY KEY CLUSTERED 
(
	[id] ASC
)WITH (PAD_INDEX = OFF, STATISTICS_NORECOMPUTE = OFF, IGNORE_DUP_KEY = OFF, ALLOW_ROW_LOCKS = ON, ALLOW_PAGE_LOCKS = ON, OPTIMIZE_FOR_SEQUENTIAL_KEY = OFF) ON [PRIMARY]
) ON [PRIMARY]
GO
/****** Object:  Table [dbo].[sys_func_roles_link]    Script Date: 2021/7/8 10:15:43 ******/
SET ANSI_NULLS ON
GO
SET QUOTED_IDENTIFIER ON
GO
CREATE TABLE [dbo].[sys_func_roles_link](
	[id] [bigint] NOT NULL,
	[fid] [bigint] NULL,
	[rid] [bigint] NULL,
 CONSTRAINT [PK__sys_func__3213E83FF25958D2] PRIMARY KEY CLUSTERED 
(
	[id] ASC
)WITH (PAD_INDEX = OFF, STATISTICS_NORECOMPUTE = OFF, IGNORE_DUP_KEY = OFF, ALLOW_ROW_LOCKS = ON, ALLOW_PAGE_LOCKS = ON, OPTIMIZE_FOR_SEQUENTIAL_KEY = OFF) ON [PRIMARY]
) ON [PRIMARY]
GO
/****** Object:  Table [dbo].[sys_log]    Script Date: 2021/7/8 10:15:43 ******/
SET ANSI_NULLS ON
GO
SET QUOTED_IDENTIFIER ON
GO
CREATE TABLE [dbo].[sys_log](
	[Id] [bigint] NOT NULL,
	[TraceId] [nvarchar](64) NULL,
	[Title] [nvarchar](255) NULL,
	[Uname] [nvarchar](255) NULL,
	[LogType] [bigint] NULL,
	[AppName] [nvarchar](255) NULL,
	[Content] [nvarchar](2000) NULL,
	[Timespan] [datetime] NOT NULL,
 CONSTRAINT [PK__sys_log__3214EC07E367D01E] PRIMARY KEY CLUSTERED 
(
	[Id] ASC
)WITH (PAD_INDEX = OFF, STATISTICS_NORECOMPUTE = OFF, IGNORE_DUP_KEY = OFF, ALLOW_ROW_LOCKS = ON, ALLOW_PAGE_LOCKS = ON, OPTIMIZE_FOR_SEQUENTIAL_KEY = OFF) ON [PRIMARY]
) ON [PRIMARY]
GO
/****** Object:  Table [dbo].[sys_member]    Script Date: 2021/7/8 10:15:43 ******/
SET ANSI_NULLS ON
GO
SET QUOTED_IDENTIFIER ON
GO
CREATE TABLE [dbo].[sys_member](
	[id] [bigint] NOT NULL,
	[account] [nvarchar](255) NULL,
	[pwd] [nvarchar](255) NULL,
	[coid] [bigint] NOT NULL,
	[position] [nvarchar](255) NULL,
	[name] [nvarchar](50) NULL,
	[state] [smallint] NULL,
	[profile] [nvarchar](255) NULL,
	[timespan] [datetime] NULL,
	[rdt] [datetime] NULL,
 CONSTRAINT [PK__sys_memb__3213E83FC2D67545] PRIMARY KEY CLUSTERED 
(
	[id] ASC
)WITH (PAD_INDEX = OFF, STATISTICS_NORECOMPUTE = OFF, IGNORE_DUP_KEY = OFF, ALLOW_ROW_LOCKS = ON, ALLOW_PAGE_LOCKS = ON, OPTIMIZE_FOR_SEQUENTIAL_KEY = OFF) ON [PRIMARY]
) ON [PRIMARY]
GO
/****** Object:  Table [dbo].[sys_member_roles_link]    Script Date: 2021/7/8 10:15:43 ******/
SET ANSI_NULLS ON
GO
SET QUOTED_IDENTIFIER ON
GO
CREATE TABLE [dbo].[sys_member_roles_link](
	[id] [bigint] NOT NULL,
	[mid] [bigint] NULL,
	[rid] [bigint] NULL,
 CONSTRAINT [PK__sys_memb__3213E83F94DF0DF8] PRIMARY KEY CLUSTERED 
(
	[id] ASC
)WITH (PAD_INDEX = OFF, STATISTICS_NORECOMPUTE = OFF, IGNORE_DUP_KEY = OFF, ALLOW_ROW_LOCKS = ON, ALLOW_PAGE_LOCKS = ON, OPTIMIZE_FOR_SEQUENTIAL_KEY = OFF) ON [PRIMARY]
) ON [PRIMARY]
GO
/****** Object:  Table [dbo].[sys_roles]    Script Date: 2021/7/8 10:15:43 ******/
SET ANSI_NULLS ON
GO
SET QUOTED_IDENTIFIER ON
GO
CREATE TABLE [dbo].[sys_roles](
	[id] [bigint] NOT NULL,
	[name] [nvarchar](255) NULL,
 CONSTRAINT [PK__sys_role__3213E83FB9143880] PRIMARY KEY CLUSTERED 
(
	[id] ASC
)WITH (PAD_INDEX = OFF, STATISTICS_NORECOMPUTE = OFF, IGNORE_DUP_KEY = OFF, ALLOW_ROW_LOCKS = ON, ALLOW_PAGE_LOCKS = ON, OPTIMIZE_FOR_SEQUENTIAL_KEY = OFF) ON [PRIMARY]
) ON [PRIMARY]
GO
/****** Object:  Table [dbo].[sys_trace]    Script Date: 2021/7/8 10:15:43 ******/
SET ANSI_NULLS ON
GO
SET QUOTED_IDENTIFIER ON
GO
CREATE TABLE [dbo].[sys_trace](
	[id] [bigint] NOT NULL,
	[GlobalTraceId] [nvarchar](64) NULL,
	[TraceId] [nvarchar](64) NULL,
	[PreTraceId] [nvarchar](64) NULL,
	[AppNameTarget] [nvarchar](255) NULL,
	[AppName] [nvarchar](255) NULL,
	[TTL] [int] NULL,
	[Request] [text] NULL,
	[Response] [text] NULL,
	[Ip] [nvarchar](30) NULL,
	[Target] [nvarchar](32) NULL,
	[UserId] [bigint] NULL,
	[Timespan] [datetime] NULL,
	[Askchannel] [nvarchar](32) NULL,
	[Askrouter] [nvarchar](32) NULL,
	[Askmethod] [nvarchar](32) NULL,
	[Uname] [nvarchar](255) NULL,
	[UseTimeMs] [decimal](18, 0) NULL,
	[Rlt] [tinyint] NULL,
 CONSTRAINT [PK__sys_trac__3213E83FB027A3DD] PRIMARY KEY CLUSTERED 
(
	[id] ASC
)WITH (PAD_INDEX = OFF, STATISTICS_NORECOMPUTE = OFF, IGNORE_DUP_KEY = OFF, ALLOW_ROW_LOCKS = ON, ALLOW_PAGE_LOCKS = ON, OPTIMIZE_FOR_SEQUENTIAL_KEY = OFF) ON [PRIMARY]
) ON [PRIMARY] TEXTIMAGE_ON [PRIMARY]
GO
INSERT [dbo].[bif_company] ([id], [code], [name], [type], [address], [tel], [fax], [zip], [email], [website], [person], [state], [rdt]) VALUES (299935790530603, N'bif', N'张学友公司', 1, N'河南省邓州市', N'0377-62958337', N'0377-62958337', N'474172', N'dym6295@163.com', N'http://ok.com', N'杜燕明', 0, CAST(N'2016-07-17T11:41:00.000' AS DateTime))
GO
INSERT [dbo].[bif_company] ([id], [code], [name], [type], [address], [tel], [fax], [zip], [email], [website], [person], [state], [rdt]) VALUES (299935790530604, N'ndtech', N'北京恩维协同', 1, N'北京市朝阳区', N'010-62958337', N'010-62958337', N'10000', N'duyanming@ndtech.com', N'http://www.ndtech.com.cn', N'王五', 0, CAST(N'2016-10-02T11:41:00.000' AS DateTime))
GO
INSERT [dbo].[sys_func] ([id], [fname], [fcode], [forder], [pid], [furl], [show], [icon]) VALUES (47826128347136, N'NetMQ', N'netmq', 8, 299935790530590, N'https://netmq.readthedocs.io/en/latest/', 1, N'')
GO
INSERT [dbo].[sys_func] ([id], [fname], [fcode], [forder], [pid], [furl], [show], [icon]) VALUES (100876538834944, N'k8s', N'k8s', 1, 299935790530590, N'', 0, N'')
GO
INSERT [dbo].[sys_func] ([id], [fname], [fcode], [forder], [pid], [furl], [show], [icon]) VALUES (100878287302656, N'jimmysong', N'k8s', 2, 100876538834944, N'https://jimmysong.io/kubernetes-handbook/', 1, N'')
GO
INSERT [dbo].[sys_func] ([id], [fname], [fcode], [forder], [pid], [furl], [show], [icon]) VALUES (101163644395520, N'k8s-Centos7 搭建', N'k8s', 3, 100876538834944, N'http://www.maogx.win/posts/32/', 0, N'')
GO
INSERT [dbo].[sys_func] ([id], [fname], [fcode], [forder], [pid], [furl], [show], [icon]) VALUES (101163940139008, N'每天5分钟玩转 Kubernetes', N'k8s', 1, 100876538834944, N'https://mp.weixin.qq.com/s/RK6DDc8AUBklsUS7rssW2w', 0, N'')
GO
INSERT [dbo].[sys_func] ([id], [fname], [fcode], [forder], [pid], [furl], [show], [icon]) VALUES (101164278681600, N'k8s-dashboard', N'k8s', 4, 100876538834944, N'https://www.cnblogs.com/RainingNight/p/deploying-k8s-dashboard-ui.html', 0, N'')
GO
INSERT [dbo].[sys_func] ([id], [fname], [fcode], [forder], [pid], [furl], [show], [icon]) VALUES (132054338420736, N'集群监控', N'xtjk', 3, NULL, N'', 1, N'el-icon-monitor')
GO
INSERT [dbo].[sys_func] ([id], [fname], [fcode], [forder], [pid], [furl], [show], [icon]) VALUES (132054501289984, N'链路追踪', N'dylzz', 1, 132054338420736, N'html/trace/indexnew.html', 1, N'el-icon-connection')
GO
INSERT [dbo].[sys_func] ([id], [fname], [fcode], [forder], [pid], [furl], [show], [icon]) VALUES (132054881103872, N'服务监控', N'cm', 2, 132054338420736, N'/html/welcome.html?appName=NewApi', 1, N'el-icon-monitor')
GO
INSERT [dbo].[sys_func] ([id], [fname], [fcode], [forder], [pid], [furl], [show], [icon]) VALUES (187965062586368, N'系统日志', N'SystemLog', 4, 132054338420736, N'html/syslog/index.html', 1, N'el-icon-data-analysis')
GO
INSERT [dbo].[sys_func] ([id], [fname], [fcode], [forder], [pid], [furl], [show], [icon]) VALUES (276132205633536, N'模拟工具', N'Simulation', 88, NULL, N'', 1, N'el-icon-connection')
GO
INSERT [dbo].[sys_func] ([id], [fname], [fcode], [forder], [pid], [furl], [show], [icon]) VALUES (276132575506432, N'模拟请求', N'Simulation', 1, 276132205633536, N'/home/simulation', 1, N'el-icon-s-platform')
GO
INSERT [dbo].[sys_func] ([id], [fname], [fcode], [forder], [pid], [furl], [show], [icon]) VALUES (290153378975744, N'服务文档', N'router', 3, 132054338420736, N'html/trace/router.html?appName=HelloWorld', 1, N'el-icon-connection')
GO
INSERT [dbo].[sys_func] ([id], [fname], [fcode], [forder], [pid], [furl], [show], [icon]) VALUES (299935790530580, N'系统管理', N'sysm', 99999, NULL, N'', 1, N'el-icon-setting')
GO
INSERT [dbo].[sys_func] ([id], [fname], [fcode], [forder], [pid], [furl], [show], [icon]) VALUES (299935790530582, N'系统会员', N'sys_m', 0, 299935790530580, N'', 1, N'el-icon-user')
GO
INSERT [dbo].[sys_func] ([id], [fname], [fcode], [forder], [pid], [furl], [show], [icon]) VALUES (299935790530583, N'系统配置', N'sys_roles', 1, 299935790530580, N'', 1, N'el-icon-location')
GO
INSERT [dbo].[sys_func] ([id], [fname], [fcode], [forder], [pid], [furl], [show], [icon]) VALUES (299935790530584, N'角色权限', N'role_func', 0, 299935790530583, N'html/func_roles_config.html?v=2021061401', 1, N'el-icon-key')
GO
INSERT [dbo].[sys_func] ([id], [fname], [fcode], [forder], [pid], [furl], [show], [icon]) VALUES (299935790530586, N'功能管理', N'sys_func_config', 2, 299935790530583, N'html/fconfig.html', 1, N'el-icon-copy-document')
GO
INSERT [dbo].[sys_func] ([id], [fname], [fcode], [forder], [pid], [furl], [show], [icon]) VALUES (299935790530590, N'查阅资料', N'lsfzl', 99, NULL, N'', 1, N'el-icon-notebook-2')
GO
INSERT [dbo].[sys_func] ([id], [fname], [fcode], [forder], [pid], [furl], [show], [icon]) VALUES (299935790530592, N'Redis', N'lsfzl', 2, 299935790530590, N'http://doc.redisfans.com/', 1, N'')
GO
INSERT [dbo].[sys_func] ([id], [fname], [fcode], [forder], [pid], [furl], [show], [icon]) VALUES (299935790530593, N'MongoDB', N'lsfzl', 3, 299935790530590, N'https://docs.mongodb.com/getting-started/csharp/', 1, N'')
GO
INSERT [dbo].[sys_func] ([id], [fname], [fcode], [forder], [pid], [furl], [show], [icon]) VALUES (299935790530594, N'ECMAScript 6', N'lsfzl', 4, 299935790530590, N'http://es6.ruanyifeng.com/', 1, N'')
GO
INSERT [dbo].[sys_func] ([id], [fname], [fcode], [forder], [pid], [furl], [show], [icon]) VALUES (299935790530595, N'内涵段子', N'joker', 5, 299935790530590, N'html/Joker/beauty.html', 0, N'')
GO
INSERT [dbo].[sys_func] ([id], [fname], [fcode], [forder], [pid], [furl], [show], [icon]) VALUES (324175695159296, N'开发文档', N'viperDoc', 2, NULL, N'https://duyanming.github.io/', 1, N'el-icon-help')
GO
INSERT [dbo].[sys_func] ([id], [fname], [fcode], [forder], [pid], [furl], [show], [icon]) VALUES (324581934501888, N'集群服务总览', N'jqfwzl', 0, 132054338420736, N'html/service/dashboard.html', 0, N'el-icon-guide')
GO
INSERT [dbo].[sys_func] ([id], [fname], [fcode], [forder], [pid], [furl], [show], [icon]) VALUES (324834648502272, N'集群总览', N'jqzl', 0, 132054338420736, N'html/service/cluster_dashboard.html', 1, N'el-icon-guide')
GO
INSERT [dbo].[sys_func] ([id], [fname], [fcode], [forder], [pid], [furl], [show], [icon]) VALUES (341861272510464, N'GitHub文档', N'viperDoc', 1, 324175695159296, N'https://duyanming.github.io/docs', 1, N'el-icon-guide')
GO
INSERT [dbo].[sys_func] ([id], [fname], [fcode], [forder], [pid], [furl], [show], [icon]) VALUES (351817298649088, N'公司列表', N'componylistNew', 0, 299935790530582, N'/html/company/index.html', 1, N'el-icon-office-building')
GO
INSERT [dbo].[sys_func] ([id], [fname], [fcode], [forder], [pid], [furl], [show], [icon]) VALUES (351817486770176, N'会员列表', N'mlistNew', 1, 299935790530582, N'html/mlist/index.html', 1, N'el-icon-user')
GO
INSERT [dbo].[sys_func] ([id], [fname], [fcode], [forder], [pid], [furl], [show], [icon]) VALUES (385543856058368, N'集群分析', N'AnnoComponents', 4, NULL, N'', 1, N'el-icon-box')
GO
INSERT [dbo].[sys_func] ([id], [fname], [fcode], [forder], [pid], [furl], [show], [icon]) VALUES (385544006070272, N'统计分析', N'anno-analyse', 7, 385543856058368, N'html/component_echarts.html?anno_component_name=anno-analyse', 1, N'el-icon-monitor')
GO
INSERT [dbo].[sys_func] ([id], [fname], [fcode], [forder], [pid], [furl], [show], [icon]) VALUES (386115958824960, N'模块分析', N'anno-analyse-detail', 8, 385543856058368, N'html/component_echarts.html?anno_component_name=anno-analyse-detail', 1, N'el-icon-s-operation')
GO
INSERT [dbo].[sys_func] ([id], [fname], [fcode], [forder], [pid], [furl], [show], [icon]) VALUES (387203084148736, N'Gitee文档', N'giteeDoc', 2, 324175695159296, N'https://duyanming.gitee.io/anno/', 1, N'el-icon-location-outline')
GO
INSERT [dbo].[sys_func] ([id], [fname], [fcode], [forder], [pid], [furl], [show], [icon]) VALUES (391105290743808, N'用户分布', N'anno-user-analyse', 9, 385543856058368, N'html/component_echarts.html?anno_component_name=anno-user-analyse', 1, N'el-icon-user')
GO
INSERT [dbo].[sys_func] ([id], [fname], [fcode], [forder], [pid], [furl], [show], [icon]) VALUES (397743412666368, N'分布统计(小时)', N'anno-timeinterval-analyse', 1, 385543856058368, N'html/component_echarts.html?anno_component_name=anno-timeinterval-analyse', 1, N'el-icon-data-line')
GO
INSERT [dbo].[sys_func] ([id], [fname], [fcode], [forder], [pid], [furl], [show], [icon]) VALUES (397743540658176, N'分布统计(24小时)', N'anno-24uservisitdistribute-analyse', 2, 385543856058368, N'html/component_echarts.html?anno_component_name=anno-24uservisitdistribute-analyse', 1, N'el-icon-data-analysis')
GO
INSERT [dbo].[sys_func] ([id], [fname], [fcode], [forder], [pid], [furl], [show], [icon]) VALUES (401668814491648, N'服务管理', N'serviceManager', 77, NULL, N'', 1, N'el-icon-cpu')
GO
INSERT [dbo].[sys_func] ([id], [fname], [fcode], [forder], [pid], [furl], [show], [icon]) VALUES (401668983406592, N'部署服务', N'deploy_service', 2, 401668814491648, N'html/component.html?anno_component_name=anno-deploy-detail', 1, N'el-icon-upload')
GO
INSERT [dbo].[sys_func] ([id], [fname], [fcode], [forder], [pid], [furl], [show], [icon]) VALUES (402554304884736, N'部署列表', N'deploy_service_list', 1, 401668814491648, N'html/component.html?anno_component_name=anno-deploy-list', 1, N'el-icon-s-grid')
GO
INSERT [dbo].[sys_func] ([id], [fname], [fcode], [forder], [pid], [furl], [show], [icon]) VALUES (411019509628928, N'角色管理', N'role_manager_list', 1, 299935790530583, N'html/component.html?anno_component_name=anno-role-list', 1, N'el-icon-view')
GO
INSERT [dbo].[sys_func] ([id], [fname], [fcode], [forder], [pid], [furl], [show], [icon]) VALUES (2975002949320704, N'Rabbitmq', N'rabbitmq', 6, 299935790530590, N'https://www.rabbitmq.com/getstarted.html', 1, N'')
GO
INSERT [dbo].[sys_func] ([id], [fname], [fcode], [forder], [pid], [furl], [show], [icon]) VALUES (3957341116563456, N'postgresql', N'postgresqltutorial', 7, 299935790530590, N'http://www.postgresqltutorial.com', 1, N'')
GO
INSERT [dbo].[sys_func_roles_link] ([id], [fid], [rid]) VALUES (132054955646982, 132054338420736, 299935790530574)
GO
INSERT [dbo].[sys_func_roles_link] ([id], [fid], [rid]) VALUES (132054955646983, 132054501289984, 299935790530574)
GO
INSERT [dbo].[sys_func_roles_link] ([id], [fid], [rid]) VALUES (132054955646984, 132054881103872, 299935790530574)
GO
INSERT [dbo].[sys_func_roles_link] ([id], [fid], [rid]) VALUES (274991608696845, 132054338420736, 48079494410240)
GO
INSERT [dbo].[sys_func_roles_link] ([id], [fid], [rid]) VALUES (274991608696846, 132054501289984, 48079494410240)
GO
INSERT [dbo].[sys_func_roles_link] ([id], [fid], [rid]) VALUES (274991608696847, 132054881103872, 48079494410240)
GO
INSERT [dbo].[sys_func_roles_link] ([id], [fid], [rid]) VALUES (274991608696849, 299935790530580, 48079494410240)
GO
INSERT [dbo].[sys_func_roles_link] ([id], [fid], [rid]) VALUES (274991608696850, 299935790530582, 48079494410240)
GO
INSERT [dbo].[sys_func_roles_link] ([id], [fid], [rid]) VALUES (276132686950400, 276132205633536, 48079494410240)
GO
INSERT [dbo].[sys_func_roles_link] ([id], [fid], [rid]) VALUES (276132686950401, 276132575506432, 48079494410240)
GO
INSERT [dbo].[sys_func_roles_link] ([id], [fid], [rid]) VALUES (276132735111173, 276132205633536, 299935790530574)
GO
INSERT [dbo].[sys_func_roles_link] ([id], [fid], [rid]) VALUES (276132735111174, 276132575506432, 299935790530574)
GO
INSERT [dbo].[sys_func_roles_link] ([id], [fid], [rid]) VALUES (290153444339736, 290153378975744, 299935790530574)
GO
INSERT [dbo].[sys_func_roles_link] ([id], [fid], [rid]) VALUES (290966135451666, 290153378975744, 48079494410240)
GO
INSERT [dbo].[sys_func_roles_link] ([id], [fid], [rid]) VALUES (299935790530606, 299935790530580, 299935790530574)
GO
INSERT [dbo].[sys_func_roles_link] ([id], [fid], [rid]) VALUES (299935790530608, 299935790530582, 299935790530574)
GO
INSERT [dbo].[sys_func_roles_link] ([id], [fid], [rid]) VALUES (299935790530609, 299935790530583, 299935790530574)
GO
INSERT [dbo].[sys_func_roles_link] ([id], [fid], [rid]) VALUES (299935790530610, 299935790530584, 299935790530574)
GO
INSERT [dbo].[sys_func_roles_link] ([id], [fid], [rid]) VALUES (299935790530612, 299935790530586, 299935790530574)
GO
INSERT [dbo].[sys_func_roles_link] ([id], [fid], [rid]) VALUES (324175910170624, 324175695159296, 299935790530574)
GO
INSERT [dbo].[sys_func_roles_link] ([id], [fid], [rid]) VALUES (324175958253568, 324175695159296, 48079494410240)
GO
INSERT [dbo].[sys_func_roles_link] ([id], [fid], [rid]) VALUES (324581989511191, 324581934501888, 299935790530574)
GO
INSERT [dbo].[sys_func_roles_link] ([id], [fid], [rid]) VALUES (324834703384601, 324834648502272, 299935790530574)
GO
INSERT [dbo].[sys_func_roles_link] ([id], [fid], [rid]) VALUES (324849852428305, 324834648502272, 48079494410240)
GO
INSERT [dbo].[sys_func_roles_link] ([id], [fid], [rid]) VALUES (341861383299073, 341861272510464, 48079494410240)
GO
INSERT [dbo].[sys_func_roles_link] ([id], [fid], [rid]) VALUES (341861407686657, 341861272510464, 299935790530574)
GO
INSERT [dbo].[sys_func_roles_link] ([id], [fid], [rid]) VALUES (351817584726047, 351817298649088, 299935790530574)
GO
INSERT [dbo].[sys_func_roles_link] ([id], [fid], [rid]) VALUES (351817584726049, 351817486770176, 299935790530574)
GO
INSERT [dbo].[sys_func_roles_link] ([id], [fid], [rid]) VALUES (351817671946250, 351817298649088, 48079494410240)
GO
INSERT [dbo].[sys_func_roles_link] ([id], [fid], [rid]) VALUES (352187569582104, 351817486770176, 48079494410240)
GO
INSERT [dbo].[sys_func_roles_link] ([id], [fid], [rid]) VALUES (352187569582105, 299935790530583, 48079494410240)
GO
INSERT [dbo].[sys_func_roles_link] ([id], [fid], [rid]) VALUES (352187569582106, 299935790530584, 48079494410240)
GO
INSERT [dbo].[sys_func_roles_link] ([id], [fid], [rid]) VALUES (352187569582107, 299935790530586, 48079494410240)
GO
INSERT [dbo].[sys_func_roles_link] ([id], [fid], [rid]) VALUES (367379640385543, 187965062586368, 48079494410240)
GO
INSERT [dbo].[sys_func_roles_link] ([id], [fid], [rid]) VALUES (367379660165120, 187965062586368, 299935790530574)
GO
INSERT [dbo].[sys_func_roles_link] ([id], [fid], [rid]) VALUES (385544043274263, 385543856058368, 299935790530574)
GO
INSERT [dbo].[sys_func_roles_link] ([id], [fid], [rid]) VALUES (385544043274264, 385544006070272, 299935790530574)
GO
INSERT [dbo].[sys_func_roles_link] ([id], [fid], [rid]) VALUES (385544075214870, 385543856058368, 48079494410240)
GO
INSERT [dbo].[sys_func_roles_link] ([id], [fid], [rid]) VALUES (385544075214871, 385544006070272, 48079494410240)
GO
INSERT [dbo].[sys_func_roles_link] ([id], [fid], [rid]) VALUES (386116041027610, 386115958824960, 299935790530574)
GO
INSERT [dbo].[sys_func_roles_link] ([id], [fid], [rid]) VALUES (386116075188248, 386115958824960, 48079494410240)
GO
INSERT [dbo].[sys_func_roles_link] ([id], [fid], [rid]) VALUES (387203257196546, 387203084148736, 48079494410240)
GO
INSERT [dbo].[sys_func_roles_link] ([id], [fid], [rid]) VALUES (387203278553090, 387203084148736, 299935790530574)
GO
INSERT [dbo].[sys_func_roles_link] ([id], [fid], [rid]) VALUES (391105312796685, 391105290743808, 299935790530574)
GO
INSERT [dbo].[sys_func_roles_link] ([id], [fid], [rid]) VALUES (391117441851404, 391105290743808, 48079494410240)
GO
INSERT [dbo].[sys_func_roles_link] ([id], [fid], [rid]) VALUES (397743601094666, 397743540658176, 299935790530574)
GO
INSERT [dbo].[sys_func_roles_link] ([id], [fid], [rid]) VALUES (397743601094667, 397743412666368, 299935790530574)
GO
INSERT [dbo].[sys_func_roles_link] ([id], [fid], [rid]) VALUES (397743623942154, 397743540658176, 48079494410240)
GO
INSERT [dbo].[sys_func_roles_link] ([id], [fid], [rid]) VALUES (397743623942155, 397743412666368, 48079494410240)
GO
INSERT [dbo].[sys_func_roles_link] ([id], [fid], [rid]) VALUES (401669026656294, 401668814491648, 299935790530574)
GO
INSERT [dbo].[sys_func_roles_link] ([id], [fid], [rid]) VALUES (401669026656295, 401668983406592, 299935790530574)
GO
INSERT [dbo].[sys_func_roles_link] ([id], [fid], [rid]) VALUES (402094145060864, 132054338420736, 299935790530575)
GO
INSERT [dbo].[sys_func_roles_link] ([id], [fid], [rid]) VALUES (402094145060865, 324581934501888, 299935790530575)
GO
INSERT [dbo].[sys_func_roles_link] ([id], [fid], [rid]) VALUES (402094145060866, 324834648502272, 299935790530575)
GO
INSERT [dbo].[sys_func_roles_link] ([id], [fid], [rid]) VALUES (402094145060867, 132054501289984, 299935790530575)
GO
INSERT [dbo].[sys_func_roles_link] ([id], [fid], [rid]) VALUES (402094145060868, 132054881103872, 299935790530575)
GO
INSERT [dbo].[sys_func_roles_link] ([id], [fid], [rid]) VALUES (402094145060869, 290153378975744, 299935790530575)
GO
INSERT [dbo].[sys_func_roles_link] ([id], [fid], [rid]) VALUES (402094145060870, 187965062586368, 299935790530575)
GO
INSERT [dbo].[sys_func_roles_link] ([id], [fid], [rid]) VALUES (402094145060871, 385543856058368, 299935790530575)
GO
INSERT [dbo].[sys_func_roles_link] ([id], [fid], [rid]) VALUES (402094145060872, 397743412666368, 299935790530575)
GO
INSERT [dbo].[sys_func_roles_link] ([id], [fid], [rid]) VALUES (402094145060873, 397743540658176, 299935790530575)
GO
INSERT [dbo].[sys_func_roles_link] ([id], [fid], [rid]) VALUES (402094145060874, 385544006070272, 299935790530575)
GO
INSERT [dbo].[sys_func_roles_link] ([id], [fid], [rid]) VALUES (402094145060875, 386115958824960, 299935790530575)
GO
INSERT [dbo].[sys_func_roles_link] ([id], [fid], [rid]) VALUES (402094145060876, 391105290743808, 299935790530575)
GO
INSERT [dbo].[sys_func_roles_link] ([id], [fid], [rid]) VALUES (402094145060877, 276132205633536, 299935790530575)
GO
INSERT [dbo].[sys_func_roles_link] ([id], [fid], [rid]) VALUES (402094145060878, 276132575506432, 299935790530575)
GO
INSERT [dbo].[sys_func_roles_link] ([id], [fid], [rid]) VALUES (402094145060879, 299935790530580, 299935790530575)
GO
INSERT [dbo].[sys_func_roles_link] ([id], [fid], [rid]) VALUES (402094145060880, 299935790530582, 299935790530575)
GO
INSERT [dbo].[sys_func_roles_link] ([id], [fid], [rid]) VALUES (402094145060881, 351817298649088, 299935790530575)
GO
INSERT [dbo].[sys_func_roles_link] ([id], [fid], [rid]) VALUES (402094145060882, 351817486770176, 299935790530575)
GO
INSERT [dbo].[sys_func_roles_link] ([id], [fid], [rid]) VALUES (402094145060883, 299935790530583, 299935790530575)
GO
INSERT [dbo].[sys_func_roles_link] ([id], [fid], [rid]) VALUES (402094145060884, 299935790530584, 299935790530575)
GO
INSERT [dbo].[sys_func_roles_link] ([id], [fid], [rid]) VALUES (402094145060885, 299935790530586, 299935790530575)
GO
INSERT [dbo].[sys_func_roles_link] ([id], [fid], [rid]) VALUES (402094145060886, 401668814491648, 299935790530575)
GO
INSERT [dbo].[sys_func_roles_link] ([id], [fid], [rid]) VALUES (402094145060887, 401668983406592, 299935790530575)
GO
INSERT [dbo].[sys_func_roles_link] ([id], [fid], [rid]) VALUES (402554351087642, 402554304884736, 299935790530574)
GO
INSERT [dbo].[sys_func_roles_link] ([id], [fid], [rid]) VALUES (402875149479960, 401668814491648, 48079494410240)
GO
INSERT [dbo].[sys_func_roles_link] ([id], [fid], [rid]) VALUES (402875149479961, 402554304884736, 48079494410240)
GO
INSERT [dbo].[sys_func_roles_link] ([id], [fid], [rid]) VALUES (402875149479962, 401668983406592, 48079494410240)
GO
INSERT [dbo].[sys_func_roles_link] ([id], [fid], [rid]) VALUES (411019855699994, 411019509628928, 299935790530574)
GO
INSERT [dbo].[sys_func_roles_link] ([id], [fid], [rid]) VALUES (411019900940313, 411019509628928, 48079494410240)
GO
INSERT [dbo].[sys_func_roles_link] ([id], [fid], [rid]) VALUES (13892844284542976, 299935790530580, 299935790530578)
GO
INSERT [dbo].[sys_func_roles_link] ([id], [fid], [rid]) VALUES (13892844284542977, 299935790530582, 299935790530578)
GO
INSERT [dbo].[sys_log] ([Id], [TraceId], [Title], [Uname], [LogType], [AppName], [Content], [Timespan]) VALUES (363854395404288, N'f7395527-f982-4b7e-b49f-58c62c6adce9', N'你传入的x,y值，计算前Log', N'admin', 0, N'HelloWorld', N'{"x":88,"y":7}', CAST(N'2021-02-01T16:40:06.000' AS DateTime))
GO
INSERT [dbo].[sys_log] ([Id], [TraceId], [Title], [Uname], [LogType], [AppName], [Content], [Timespan]) VALUES (363854395514880, N'f7395527-f982-4b7e-b49f-58c62c6adce9', N'你传入的x,y值，计算后Log', N'admin', 0, N'HelloWorld', N'81', CAST(N'2021-02-01T16:40:06.000' AS DateTime))
GO
INSERT [dbo].[sys_log] ([Id], [TraceId], [Title], [Uname], [LogType], [AppName], [Content], [Timespan]) VALUES (419027698073600, N'270f5f6a-5fee-41a4-b310-b8c6651d2134', N'2-3=? 前', N'anno', 0, N'HelloWorld', N'"2-3=?"', CAST(N'2021-07-07T14:20:50.760' AS DateTime))
GO
INSERT [dbo].[sys_log] ([Id], [TraceId], [Title], [Uname], [LogType], [AppName], [Content], [Timespan]) VALUES (419027698118656, N'270f5f6a-5fee-41a4-b310-b8c6651d2134', N'2-3=? 后', N'anno', 0, N'HelloWorld', N'-1', CAST(N'2021-07-07T14:20:50.920' AS DateTime))
GO
INSERT [dbo].[sys_log] ([Id], [TraceId], [Title], [Uname], [LogType], [AppName], [Content], [Timespan]) VALUES (419027698151424, N'270f5f6a-5fee-41a4-b310-b8c6651d2134', N'计算结果不能为负数', N'anno', 2, N'HelloWorld', N'"计算结果为负数-1"', CAST(N'2021-07-07T14:20:50.927' AS DateTime))
GO
INSERT [dbo].[sys_log] ([Id], [TraceId], [Title], [Uname], [LogType], [AppName], [Content], [Timespan]) VALUES (419027729866752, N'4de5179f-1d72-4040-9d5e-8ebd70090bd3', N'2-3=? 前', N'anno', 0, N'HelloWorld', N'"2-3=?"', CAST(N'2021-07-07T14:20:58.670' AS DateTime))
GO
INSERT [dbo].[sys_log] ([Id], [TraceId], [Title], [Uname], [LogType], [AppName], [Content], [Timespan]) VALUES (419027729928192, N'4de5179f-1d72-4040-9d5e-8ebd70090bd3', N'2-3=? 后', N'anno', 0, N'HelloWorld', N'-1', CAST(N'2021-07-07T14:20:58.683' AS DateTime))
GO
INSERT [dbo].[sys_log] ([Id], [TraceId], [Title], [Uname], [LogType], [AppName], [Content], [Timespan]) VALUES (419027729973248, N'4de5179f-1d72-4040-9d5e-8ebd70090bd3', N'计算结果不能为负数', N'anno', 2, N'HelloWorld', N'"计算结果为负数-1"', CAST(N'2021-07-07T14:20:58.697' AS DateTime))
GO
INSERT [dbo].[sys_log] ([Id], [TraceId], [Title], [Uname], [LogType], [AppName], [Content], [Timespan]) VALUES (419027733000192, N'a7e52db1-50fd-4d56-9075-844d398a9284', N'2-3=? 前', N'anno', 0, N'HelloWorld', N'"2-3=?"', CAST(N'2021-07-07T14:20:59.437' AS DateTime))
GO
INSERT [dbo].[sys_log] ([Id], [TraceId], [Title], [Uname], [LogType], [AppName], [Content], [Timespan]) VALUES (419027733032960, N'a7e52db1-50fd-4d56-9075-844d398a9284', N'2-3=? 后', N'anno', 0, N'HelloWorld', N'-1', CAST(N'2021-07-07T14:20:59.443' AS DateTime))
GO
INSERT [dbo].[sys_log] ([Id], [TraceId], [Title], [Uname], [LogType], [AppName], [Content], [Timespan]) VALUES (419027733061632, N'a7e52db1-50fd-4d56-9075-844d398a9284', N'计算结果不能为负数', N'anno', 2, N'HelloWorld', N'"计算结果为负数-1"', CAST(N'2021-07-07T14:20:59.450' AS DateTime))
GO
INSERT [dbo].[sys_log] ([Id], [TraceId], [Title], [Uname], [LogType], [AppName], [Content], [Timespan]) VALUES (419027735941120, N'b5829c41-d98b-4f3b-aebd-37ac72d9ef92', N'2-3=? 前', N'anno', 0, N'HelloWorld', N'"2-3=?"', CAST(N'2021-07-07T14:21:00.153' AS DateTime))
GO
INSERT [dbo].[sys_log] ([Id], [TraceId], [Title], [Uname], [LogType], [AppName], [Content], [Timespan]) VALUES (419027735969792, N'b5829c41-d98b-4f3b-aebd-37ac72d9ef92', N'2-3=? 后', N'anno', 0, N'HelloWorld', N'-1', CAST(N'2021-07-07T14:21:00.160' AS DateTime))
GO
INSERT [dbo].[sys_log] ([Id], [TraceId], [Title], [Uname], [LogType], [AppName], [Content], [Timespan]) VALUES (419027736002560, N'b5829c41-d98b-4f3b-aebd-37ac72d9ef92', N'计算结果不能为负数', N'anno', 2, N'HelloWorld', N'"计算结果为负数-1"', CAST(N'2021-07-07T14:21:00.167' AS DateTime))
GO
INSERT [dbo].[sys_log] ([Id], [TraceId], [Title], [Uname], [LogType], [AppName], [Content], [Timespan]) VALUES (419027738198016, N'8b1baab4-be4e-4f3d-8b37-09b3d09d067d', N'2-3=? 前', N'anno', 0, N'HelloWorld', N'"2-3=?"', CAST(N'2021-07-07T14:21:00.703' AS DateTime))
GO
INSERT [dbo].[sys_log] ([Id], [TraceId], [Title], [Uname], [LogType], [AppName], [Content], [Timespan]) VALUES (419027738243072, N'8b1baab4-be4e-4f3d-8b37-09b3d09d067d', N'2-3=? 后', N'anno', 0, N'HelloWorld', N'-1', CAST(N'2021-07-07T14:21:00.713' AS DateTime))
GO
INSERT [dbo].[sys_log] ([Id], [TraceId], [Title], [Uname], [LogType], [AppName], [Content], [Timespan]) VALUES (419027738284032, N'8b1baab4-be4e-4f3d-8b37-09b3d09d067d', N'计算结果不能为负数', N'anno', 2, N'HelloWorld', N'"计算结果为负数-1"', CAST(N'2021-07-07T14:21:00.723' AS DateTime))
GO
INSERT [dbo].[sys_log] ([Id], [TraceId], [Title], [Uname], [LogType], [AppName], [Content], [Timespan]) VALUES (419027740938240, N'7ca10b16-06dc-43af-a5e4-a992c93e12c7', N'2-3=? 前', N'anno', 0, N'HelloWorld', N'"2-3=?"', CAST(N'2021-07-07T14:21:01.370' AS DateTime))
GO
INSERT [dbo].[sys_log] ([Id], [TraceId], [Title], [Uname], [LogType], [AppName], [Content], [Timespan]) VALUES (419027740991488, N'7ca10b16-06dc-43af-a5e4-a992c93e12c7', N'2-3=? 后', N'anno', 0, N'HelloWorld', N'-1', CAST(N'2021-07-07T14:21:01.383' AS DateTime))
GO
INSERT [dbo].[sys_log] ([Id], [TraceId], [Title], [Uname], [LogType], [AppName], [Content], [Timespan]) VALUES (419027741028352, N'7ca10b16-06dc-43af-a5e4-a992c93e12c7', N'计算结果不能为负数', N'anno', 2, N'HelloWorld', N'"计算结果为负数-1"', CAST(N'2021-07-07T14:21:01.393' AS DateTime))
GO
INSERT [dbo].[sys_log] ([Id], [TraceId], [Title], [Uname], [LogType], [AppName], [Content], [Timespan]) VALUES (419027741958144, N'2b091d57-ea23-408a-a596-7b64432664c4', N'2-3=? 前', N'anno', 0, N'HelloWorld', N'"2-3=?"', CAST(N'2021-07-07T14:21:01.620' AS DateTime))
GO
INSERT [dbo].[sys_log] ([Id], [TraceId], [Title], [Uname], [LogType], [AppName], [Content], [Timespan]) VALUES (419027742007296, N'2b091d57-ea23-408a-a596-7b64432664c4', N'2-3=? 后', N'anno', 0, N'HelloWorld', N'-1', CAST(N'2021-07-07T14:21:01.630' AS DateTime))
GO
INSERT [dbo].[sys_log] ([Id], [TraceId], [Title], [Uname], [LogType], [AppName], [Content], [Timespan]) VALUES (419027742117888, N'2b091d57-ea23-408a-a596-7b64432664c4', N'计算结果不能为负数', N'anno', 2, N'HelloWorld', N'"计算结果为负数-1"', CAST(N'2021-07-07T14:21:01.660' AS DateTime))
GO
INSERT [dbo].[sys_log] ([Id], [TraceId], [Title], [Uname], [LogType], [AppName], [Content], [Timespan]) VALUES (419027747876864, N'ba32beea-4da7-482d-a152-f131489da201', N'2-3=? 前', N'anno', 0, N'HelloWorld', N'"2-3=?"', CAST(N'2021-07-07T14:21:03.067' AS DateTime))
GO
INSERT [dbo].[sys_log] ([Id], [TraceId], [Title], [Uname], [LogType], [AppName], [Content], [Timespan]) VALUES (419027747926016, N'ba32beea-4da7-482d-a152-f131489da201', N'2-3=? 后', N'anno', 0, N'HelloWorld', N'-1', CAST(N'2021-07-07T14:21:03.077' AS DateTime))
GO
INSERT [dbo].[sys_log] ([Id], [TraceId], [Title], [Uname], [LogType], [AppName], [Content], [Timespan]) VALUES (419027747958784, N'ba32beea-4da7-482d-a152-f131489da201', N'计算结果不能为负数', N'anno', 2, N'HelloWorld', N'"计算结果为负数-1"', CAST(N'2021-07-07T14:21:03.087' AS DateTime))
GO
INSERT [dbo].[sys_log] ([Id], [TraceId], [Title], [Uname], [LogType], [AppName], [Content], [Timespan]) VALUES (419027752374272, N'fa45ea6e-aaad-4196-9a0a-0a42b29e9fe8', N'2-3=? 前', N'anno', 0, N'HelloWorld', N'"2-3=?"', CAST(N'2021-07-07T14:21:04.163' AS DateTime))
GO
INSERT [dbo].[sys_log] ([Id], [TraceId], [Title], [Uname], [LogType], [AppName], [Content], [Timespan]) VALUES (419027752415232, N'fa45ea6e-aaad-4196-9a0a-0a42b29e9fe8', N'2-3=? 后', N'anno', 0, N'HelloWorld', N'-1', CAST(N'2021-07-07T14:21:04.173' AS DateTime))
GO
INSERT [dbo].[sys_log] ([Id], [TraceId], [Title], [Uname], [LogType], [AppName], [Content], [Timespan]) VALUES (419027752460288, N'fa45ea6e-aaad-4196-9a0a-0a42b29e9fe8', N'计算结果不能为负数', N'anno', 2, N'HelloWorld', N'"计算结果为负数-1"', CAST(N'2021-07-07T14:21:04.183' AS DateTime))
GO
INSERT [dbo].[sys_log] ([Id], [TraceId], [Title], [Uname], [LogType], [AppName], [Content], [Timespan]) VALUES (419027762114560, N'8dfcee22-df67-4db3-9bc4-e4860b9048eb', N'2-3=? 前', N'anno', 0, N'HelloWorld', N'"2-3=?"', CAST(N'2021-07-07T14:21:06.540' AS DateTime))
GO
INSERT [dbo].[sys_log] ([Id], [TraceId], [Title], [Uname], [LogType], [AppName], [Content], [Timespan]) VALUES (419027762180096, N'8dfcee22-df67-4db3-9bc4-e4860b9048eb', N'2-3=? 后', N'anno', 0, N'HelloWorld', N'-1', CAST(N'2021-07-07T14:21:06.557' AS DateTime))
GO
INSERT [dbo].[sys_log] ([Id], [TraceId], [Title], [Uname], [LogType], [AppName], [Content], [Timespan]) VALUES (419027762237440, N'8dfcee22-df67-4db3-9bc4-e4860b9048eb', N'计算结果不能为负数', N'anno', 2, N'HelloWorld', N'"计算结果为负数-1"', CAST(N'2021-07-07T14:21:06.570' AS DateTime))
GO
INSERT [dbo].[sys_member] ([id], [account], [pwd], [coid], [position], [name], [state], [profile], [timespan], [rdt]) VALUES (49552092442624, N'jiangwen', N'nsiFvHyFuoM=', 0, N'导演', N'姜文', 0, N'b3133ecec9794867989bd98491872354', CAST(N'2018-12-25T12:00:14.000' AS DateTime), CAST(N'2018-08-28T13:40:46.000' AS DateTime))
GO
INSERT [dbo].[sys_member] ([id], [account], [pwd], [coid], [position], [name], [state], [profile], [timespan], [rdt]) VALUES (60545176104960, N'qbs', N'nsiFvHyFuoM=', 0, N'架构师', N'乔布斯', 0, N'HAqvhBLt3SGTGvu4T1RUDj6my3MWQEpnoRpLmV8aJBFMA0F9ijiLsQ==', CAST(N'2020-01-06T21:20:19.000' AS DateTime), CAST(N'2018-09-28T15:11:44.000' AS DateTime))
GO
INSERT [dbo].[sys_member] ([id], [account], [pwd], [coid], [position], [name], [state], [profile], [timespan], [rdt]) VALUES (210527169232896, N'anno', N'nsiFvHyFuoM=', 0, N'Anno Admin', N'anno', 1, N'wfzfGLtNOOPVE/UPxh4EH8PHSUh5fWpSLHA/URZjvZW2AqIzAmvmtw==', CAST(N'2021-07-08T09:50:57.297' AS DateTime), CAST(N'2019-11-26T10:30:02.000' AS DateTime))
GO
INSERT [dbo].[sys_member] ([id], [account], [pwd], [coid], [position], [name], [state], [profile], [timespan], [rdt]) VALUES (225114735435776, N'20120106', N'nsiFvHyFuoM=', 0, N'20120106', N'20120106', 0, N'Gujxq7PRRrIv65cSxa0iAtzV9uRVe0dvx6qHH3rnLlcEiSqDvH7nGcEJZOHpJ19h', CAST(N'2020-01-06T15:47:08.000' AS DateTime), CAST(N'2020-01-06T15:46:59.000' AS DateTime))
GO
INSERT [dbo].[sys_member] ([id], [account], [pwd], [coid], [position], [name], [state], [profile], [timespan], [rdt]) VALUES (299935786336256, N'admin', N'q5Oslccyl9Y=', 299935790530603, N'.NET 工程师', N'杜燕明', 1, N'mZEyRTJP5DuQaR4rsl00X/s9juc1wzK+CZ4GFhf6w3TJ68EuGIuFiZSnGfzhfbJS', CAST(N'2021-05-18T15:36:22.000' AS DateTime), CAST(N'2016-07-11T22:52:57.000' AS DateTime))
GO
INSERT [dbo].[sys_member] ([id], [account], [pwd], [coid], [position], [name], [state], [profile], [timespan], [rdt]) VALUES (299935790530560, N'yrm', N'nsiFvHyFuoM=', 299935790530603, N'BIF主管', N'于瑞敏', 1, N'fSFhFv5d4ZlC/JTz1EvoBI4Tamg2iJeLAIXA4TXaUks98/DzBaecQSa8LgEujN0z', CAST(N'2021-03-01T10:30:16.000' AS DateTime), CAST(N'2016-07-12T22:52:57.000' AS DateTime))
GO
INSERT [dbo].[sys_member] ([id], [account], [pwd], [coid], [position], [name], [state], [profile], [timespan], [rdt]) VALUES (299935790530561, N'duyanming', N'nsiFvHyFuoM=', 299935790530604, N'TestPostion', N'DuYanming', 0, N'af15f81694e64513b9ed99c5b8a84ad9', CAST(N'2016-07-06T22:09:15.000' AS DateTime), CAST(N'2016-07-13T22:52:57.000' AS DateTime))
GO
INSERT [dbo].[sys_member] ([id], [account], [pwd], [coid], [position], [name], [state], [profile], [timespan], [rdt]) VALUES (299935790530562, N'bjcz', N'myjMrb9Iey8=', 299935790530604, N'管理员', N'北京传智播客', 0, N'02db5beda74a46b0bd0b7bee7bf29fd1', CAST(N'2016-07-10T08:59:50.000' AS DateTime), CAST(N'2016-07-14T22:52:57.000' AS DateTime))
GO
INSERT [dbo].[sys_member] ([id], [account], [pwd], [coid], [position], [name], [state], [profile], [timespan], [rdt]) VALUES (299935790530563, N'lishanfeng', N'nsiFvHyFuoM=', 299935790530603, N'全栈工程师', N'王大锤', 0, N'fSFhFv5d4ZnxJ12sqaTR3ilrblZkOwmblSYfRlWoco+3PUFIrn3J91uEwimNZ2MyY7b2K0YzYG4=', CAST(N'2020-10-28T21:07:29.000' AS DateTime), CAST(N'2016-12-27T15:44:54.000' AS DateTime))
GO
INSERT [dbo].[sys_member] ([id], [account], [pwd], [coid], [position], [name], [state], [profile], [timespan], [rdt]) VALUES (299935790530564, N'xijinping', N'myjMrb9Iey8=', 299935790530604, N'第一老大', N'习近平', 0, N'8e72c9ce0b5b45158032a78b514a2f05', CAST(N'2017-01-14T17:35:01.000' AS DateTime), CAST(N'2017-01-10T10:48:15.000' AS DateTime))
GO
INSERT [dbo].[sys_member] ([id], [account], [pwd], [coid], [position], [name], [state], [profile], [timespan], [rdt]) VALUES (299935790530565, N'123', N'myjMrb9Iey8=', 299935790530603, N'123', N'123', 0, NULL, NULL, CAST(N'2017-01-12T10:18:58.000' AS DateTime))
GO
INSERT [dbo].[sys_member] ([id], [account], [pwd], [coid], [position], [name], [state], [profile], [timespan], [rdt]) VALUES (299935790530566, N'User1', N'myjMrb9Iey8=', 299935790530604, N'CEO', N'Updateable', 0, NULL, NULL, CAST(N'2017-02-15T14:03:01.000' AS DateTime))
GO
INSERT [dbo].[sys_member] ([id], [account], [pwd], [coid], [position], [name], [state], [profile], [timespan], [rdt]) VALUES (299935790530567, N'tlp', N'nsiFvHyFuoM=', 299935790530603, N'美国总统', N'特朗普·川普', 0, N'33d6e1bdbde2471bb887fb7d47dc56ca', CAST(N'2018-04-14T20:09:49.000' AS DateTime), CAST(N'2017-02-22T10:31:14.000' AS DateTime))
GO
INSERT [dbo].[sys_member] ([id], [account], [pwd], [coid], [position], [name], [state], [profile], [timespan], [rdt]) VALUES (299935790530568, N'18510994063', N'nsiFvHyFuoM=', 0, N'玩家', N'王五', 0, N'fSFhFv5d4ZksCKNevTyzZz2Lk3zoiwsjj7+CZwASm19rpbMOHrYo3Rf0PsWZWrkc', CAST(N'2020-09-20T22:52:18.000' AS DateTime), NULL)
GO
INSERT [dbo].[sys_member] ([id], [account], [pwd], [coid], [position], [name], [state], [profile], [timespan], [rdt]) VALUES (299935790530569, N'1', N'jvnKWN3f6mU=', 0, N'1', N'老刘', 0, N'2e750e5a0d9244f1b0ec7385b92c7ecd', CAST(N'2018-05-05T18:34:10.000' AS DateTime), NULL)
GO
INSERT [dbo].[sys_member] ([id], [account], [pwd], [coid], [position], [name], [state], [profile], [timespan], [rdt]) VALUES (299935790530570, N'laosan', N'jvnKWN3f6mU=', 0, N'12', N'老三', 0, N'a4a5e22112634c5ea9cbdfc1a086f283', CAST(N'2018-10-31T17:48:17.000' AS DateTime), NULL)
GO
INSERT [dbo].[sys_member] ([id], [account], [pwd], [coid], [position], [name], [state], [profile], [timespan], [rdt]) VALUES (393246418690048, N'asd', N'hL+t+oQJTao=', 0, N'asd', N'anno', 1, NULL, NULL, CAST(N'2021-04-25T17:56:33.000' AS DateTime))
GO
INSERT [dbo].[sys_member_roles_link] ([id], [mid], [rid]) VALUES (49552092565504, 49552092442624, 48079494410240)
GO
INSERT [dbo].[sys_member_roles_link] ([id], [mid], [rid]) VALUES (60545176219648, 60545176104960, 299935790530575)
GO
INSERT [dbo].[sys_member_roles_link] ([id], [mid], [rid]) VALUES (65063157125120, 299935790530563, 299935790530574)
GO
INSERT [dbo].[sys_member_roles_link] ([id], [mid], [rid]) VALUES (144703322042368, 60545176104960, 299935790530574)
GO
INSERT [dbo].[sys_member_roles_link] ([id], [mid], [rid]) VALUES (225114735976448, 225114735435776, 48079494410240)
GO
INSERT [dbo].[sys_member_roles_link] ([id], [mid], [rid]) VALUES (274991678836736, 210527169232896, 299935790530574)
GO
INSERT [dbo].[sys_member_roles_link] ([id], [mid], [rid]) VALUES (299935790530573, 299935786336256, 299935790530574)
GO
INSERT [dbo].[sys_member_roles_link] ([id], [mid], [rid]) VALUES (314193764941824, 299935790530567, 299935790530575)
GO
INSERT [dbo].[sys_member_roles_link] ([id], [mid], [rid]) VALUES (325531112050688, 299935790530560, 48079494410240)
GO
INSERT [dbo].[sys_member_roles_link] ([id], [mid], [rid]) VALUES (393246420811776, 393246418690048, 299935790530575)
GO
INSERT [dbo].[sys_member_roles_link] ([id], [mid], [rid]) VALUES (1227636298743808, 299935790530566, 299935790530578)
GO
INSERT [dbo].[sys_member_roles_link] ([id], [mid], [rid]) VALUES (1227732721598464, 299935790530565, 299935790530578)
GO
INSERT [dbo].[sys_member_roles_link] ([id], [mid], [rid]) VALUES (1227813260623872, 299935790530564, 299935790530578)
GO
INSERT [dbo].[sys_member_roles_link] ([id], [mid], [rid]) VALUES (1227977350184960, 299935790530562, 299935790530578)
GO
INSERT [dbo].[sys_member_roles_link] ([id], [mid], [rid]) VALUES (1228043624382464, 299935790530561, 299935790530578)
GO
INSERT [dbo].[sys_member_roles_link] ([id], [mid], [rid]) VALUES (1228205608402944, 299935790530570, 299935790530578)
GO
INSERT [dbo].[sys_member_roles_link] ([id], [mid], [rid]) VALUES (1228268883673088, 299935790530569, 299935790530578)
GO
INSERT [dbo].[sys_member_roles_link] ([id], [mid], [rid]) VALUES (1228325875875840, 299935790530568, 299935790530578)
GO
INSERT [dbo].[sys_member_roles_link] ([id], [mid], [rid]) VALUES (13892695328030720, 299935790530563, 299935790530578)
GO
INSERT [dbo].[sys_member_roles_link] ([id], [mid], [rid]) VALUES (35462212902453248, 299935786336256, 299935790530577)
GO
INSERT [dbo].[sys_member_roles_link] ([id], [mid], [rid]) VALUES (35462213049253888, 299935786336256, 299935790530578)
GO
INSERT [dbo].[sys_member_roles_link] ([id], [mid], [rid]) VALUES (35462213061836800, 299935786336256, 299935790530575)
GO
INSERT [dbo].[sys_member_roles_link] ([id], [mid], [rid]) VALUES (35462213078614016, 299935786336256, 299935790530576)
GO
INSERT [dbo].[sys_member_roles_link] ([id], [mid], [rid]) VALUES (36694368303710208, 299935790530564, 299935790530575)
GO
INSERT [dbo].[sys_roles] ([id], [name]) VALUES (48079494410240, N'体验者')
GO
INSERT [dbo].[sys_roles] ([id], [name]) VALUES (299935790530574, N'System')
GO
INSERT [dbo].[sys_roles] ([id], [name]) VALUES (299935790530575, N'管理员')
GO
INSERT [dbo].[sys_roles] ([id], [name]) VALUES (299935790530576, N'供应商')
GO
INSERT [dbo].[sys_roles] ([id], [name]) VALUES (299935790530577, N'采购商')
GO
INSERT [dbo].[sys_roles] ([id], [name]) VALUES (299935790530578, N'玩家')
GO
INSERT [dbo].[sys_trace] ([id], [GlobalTraceId], [TraceId], [PreTraceId], [AppNameTarget], [AppName], [TTL], [Request], [Response], [Ip], [Target], [UserId], [Timespan], [Askchannel], [Askrouter], [Askmethod], [Uname], [UseTimeMs], [Rlt]) VALUES (418679618494464, N'c545183c-db76-4919-abc7-05dff3617be3', N'509df679-e0d8-4907-9a6d-6c2b19d4c0d9', N'', N'ViperService-01', N'ApiGateway', 0, N'{"X-Original-For":"::1:63160","channel":"Anno.Plugs.Logic","router":"Platform","method":"Login","account":"anno","pwd":"123456","t":"742","TraceId":"509df679-e0d8-4907-9a6d-6c2b19d4c0d9","PreTraceId":"","GlobalTraceId":"c545183c-db76-4919-abc7-05dff3617be3","AppName":"ApiGateway","Target":"192.168.1.7:7011","AppNameTarget":"ViperService-01","TTL":"0"}', NULL, N'::1:63160', N'192.168.1.7:7011', NULL, CAST(N'2021-07-06T14:44:21.763' AS DateTime), N'Anno.Plugs.Logic', N'Platform', N'Login', NULL, CAST(287.00000 AS Decimal(18, 5)), 1)
GO
INSERT [dbo].[sys_trace] ([id], [GlobalTraceId], [TraceId], [PreTraceId], [AppNameTarget], [AppName], [TTL], [Request], [Response], [Ip], [Target], [UserId], [Timespan], [Askchannel], [Askrouter], [Askmethod], [Uname], [UseTimeMs], [Rlt]) VALUES (418679618494465, N'7b92b41a-549d-4017-a841-1312f0398fe2', N'85f6f7f2-850b-4a20-addb-ea0b308ffb18', N'', N'ViperService-01', N'ApiGateway', 0, N'{"X-Original-For":"::1:53379","channel":"Anno.Plugs.Logic","router":"Platform","method":"GetUsrFc","profile":"wfzfGLtNOOPVE/UPxh4EH8PHSUh5fWpSyDidQW9TsfTkhz+/Gxra3w==","uname":"anno","t":"199","TraceId":"85f6f7f2-850b-4a20-addb-ea0b308ffb18","PreTraceId":"","GlobalTraceId":"7b92b41a-549d-4017-a841-1312f0398fe2","AppName":"ApiGateway","Target":"192.168.1.7:7011","AppNameTarget":"ViperService-01","TTL":"0"}', NULL, N'::1:53379', N'192.168.1.7:7011', NULL, CAST(N'2021-07-06T14:44:22.207' AS DateTime), N'Anno.Plugs.Logic', N'Platform', N'GetUsrFc', N'anno', CAST(27.00000 AS Decimal(18, 5)), 1)
GO
INSERT [dbo].[sys_trace] ([id], [GlobalTraceId], [TraceId], [PreTraceId], [AppNameTarget], [AppName], [TTL], [Request], [Response], [Ip], [Target], [UserId], [Timespan], [Askchannel], [Askrouter], [Askmethod], [Uname], [UseTimeMs], [Rlt]) VALUES (418679618494466, N'af6d0db7-b9ac-4958-840a-37eaa0d3f960', N'7c0151f6-20d5-4892-84d9-41a177df6b84', N'', N'ViperService-01', N'ApiGateway', 0, N'{"X-Original-For":"::1:53379","channel":"Anno.Plugs.Logic","router":"Platform","method":"GetFunc","profile":"wfzfGLtNOOPVE/UPxh4EH8PHSUh5fWpSyDidQW9TsfTkhz+/Gxra3w==","uname":"anno","t":"239","TraceId":"7c0151f6-20d5-4892-84d9-41a177df6b84","PreTraceId":"","GlobalTraceId":"af6d0db7-b9ac-4958-840a-37eaa0d3f960","AppName":"ApiGateway","Target":"192.168.1.7:7011","AppNameTarget":"ViperService-01","TTL":"0"}', NULL, N'::1:53379', N'192.168.1.7:7011', NULL, CAST(N'2021-07-06T14:44:22.240' AS DateTime), N'Anno.Plugs.Logic', N'Platform', N'GetFunc', N'anno', CAST(4.00000 AS Decimal(18, 5)), 1)
GO
INSERT [dbo].[sys_trace] ([id], [GlobalTraceId], [TraceId], [PreTraceId], [AppNameTarget], [AppName], [TTL], [Request], [Response], [Ip], [Target], [UserId], [Timespan], [Askchannel], [Askrouter], [Askmethod], [Uname], [UseTimeMs], [Rlt]) VALUES (418679618494467, N'26e58f14-5ed6-47ec-a4a7-3ac3cabde776', N'f150d41a-8d0f-438e-a9fb-8bc405d9685b', N'', N'ViperService-01', N'ApiGateway', 0, N'{"X-Original-For":"::1:56404","channel":"Anno.Plugs.Logic","router":"Report","method":"GetServiceReport","profile":"wfzfGLtNOOPVE/UPxh4EH8PHSUh5fWpSyDidQW9TsfTkhz+/Gxra3w==","uname":"anno","t":"639","TraceId":"f150d41a-8d0f-438e-a9fb-8bc405d9685b","PreTraceId":"","GlobalTraceId":"26e58f14-5ed6-47ec-a4a7-3ac3cabde776","AppName":"ApiGateway","Target":"192.168.1.7:7011","AppNameTarget":"ViperService-01","TTL":"0"}', NULL, N'::1:56404', N'192.168.1.7:7011', NULL, CAST(N'2021-07-06T14:44:22.640' AS DateTime), N'Anno.Plugs.Logic', N'Report', N'GetServiceReport', N'anno', CAST(10.00000 AS Decimal(18, 5)), 1)
GO
INSERT [dbo].[sys_trace] ([id], [GlobalTraceId], [TraceId], [PreTraceId], [AppNameTarget], [AppName], [TTL], [Request], [Response], [Ip], [Target], [UserId], [Timespan], [Askchannel], [Askrouter], [Askmethod], [Uname], [UseTimeMs], [Rlt]) VALUES (418679905198080, N'b5b754f8-2fa8-4d07-8532-9f43d3ed2c98', N'6beab5c9-0d0e-4ef4-a713-8909ebf1c26a', N'', N'ViperService-01', N'ApiGateway', 0, N'{"X-Original-For":"::1:61720","channel":"Anno.Plugs.Trace","router":"Router","method":"GetServiceInstances","profile":"wfzfGLtNOOPVE/UPxh4EH8PHSUh5fWpSyDidQW9TsfTkhz+/Gxra3w==","uname":"anno","t":"308","TraceId":"6beab5c9-0d0e-4ef4-a713-8909ebf1c26a","PreTraceId":"","GlobalTraceId":"b5b754f8-2fa8-4d07-8532-9f43d3ed2c98","AppName":"ApiGateway","Target":"192.168.1.7:7011","AppNameTarget":"ViperService-01","TTL":"0"}', NULL, N'::1:61720', N'192.168.1.7:7011', NULL, CAST(N'2021-07-06T14:45:31.310' AS DateTime), N'Anno.Plugs.Trace', N'Router', N'GetServiceInstances', N'anno', CAST(5.00000 AS Decimal(18, 5)), 1)
GO
INSERT [dbo].[sys_trace] ([id], [GlobalTraceId], [TraceId], [PreTraceId], [AppNameTarget], [AppName], [TTL], [Request], [Response], [Ip], [Target], [UserId], [Timespan], [Askchannel], [Askrouter], [Askmethod], [Uname], [UseTimeMs], [Rlt]) VALUES (418679946285056, N'4bcc7717-0730-458e-9854-61a8d4f1af2b', N'c937372b-266d-40af-ae00-301dde39fb4f', N'', N'ViperService-01', N'ApiGateway', 0, N'{"X-Original-For":"::1:63209","channel":"Anno.Plugs.Trace","router":"Router","method":"GetRoutingInfo","profile":"wfzfGLtNOOPVE/UPxh4EH8PHSUh5fWpSyDidQW9TsfTkhz+/Gxra3w==","uname":"anno","appName":"ViperService-01","t":"376","TraceId":"c937372b-266d-40af-ae00-301dde39fb4f","PreTraceId":"","GlobalTraceId":"4bcc7717-0730-458e-9854-61a8d4f1af2b","AppName":"ApiGateway","Target":"192.168.1.7:7011","AppNameTarget":"ViperService-01","TTL":"0"}', NULL, N'::1:63209', N'192.168.1.7:7011', NULL, CAST(N'2021-07-06T14:45:48.380' AS DateTime), N'Anno.Plugs.Trace', N'Router', N'GetRoutingInfo', N'anno', CAST(32.00000 AS Decimal(18, 5)), 1)
GO
INSERT [dbo].[sys_trace] ([id], [GlobalTraceId], [TraceId], [PreTraceId], [AppNameTarget], [AppName], [TTL], [Request], [Response], [Ip], [Target], [UserId], [Timespan], [Askchannel], [Askrouter], [Askmethod], [Uname], [UseTimeMs], [Rlt]) VALUES (418681420791808, N'f339bd06-d507-445f-853d-92ecb7803874', N'73de7bd8-4fc0-4c35-804e-aaeb0a85ea5c', N'', N'ViperService-01', N'ApiGateway', 0, N'{"X-Original-For":"::1:57002","channel":"Anno.Plugs.Logic","router":"Report","method":"GetServiceReport","profile":"wfzfGLtNOOPVE/UPxh4EH8PHSUh5fWpSyDidQW9TsfTkhz+/Gxra3w==","uname":"anno","t":"975","TraceId":"73de7bd8-4fc0-4c35-804e-aaeb0a85ea5c","PreTraceId":"","GlobalTraceId":"f339bd06-d507-445f-853d-92ecb7803874","AppName":"ApiGateway","Target":"192.168.1.7:7011","AppNameTarget":"ViperService-01","TTL":"0"}', NULL, N'::1:57002', N'192.168.1.7:7011', NULL, CAST(N'2021-07-06T14:51:48.987' AS DateTime), N'Anno.Plugs.Logic', N'Report', N'GetServiceReport', N'anno', CAST(3.00000 AS Decimal(18, 5)), 1)
GO
INSERT [dbo].[sys_trace] ([id], [GlobalTraceId], [TraceId], [PreTraceId], [AppNameTarget], [AppName], [TTL], [Request], [Response], [Ip], [Target], [UserId], [Timespan], [Askchannel], [Askrouter], [Askmethod], [Uname], [UseTimeMs], [Rlt]) VALUES (418681461837824, N'c767402a-a91e-4dc2-a68a-b1f17822c3b2', N'8242118a-e250-4b17-8864-44aaea4dbf93', N'', N'ViperService-01', N'ApiGateway', 0, N'{"X-Original-For":"::1:55565","channel":"Anno.Plugs.Trace","router":"Router","method":"GetRoutingInfo","profile":"wfzfGLtNOOPVE/UPxh4EH8PHSUh5fWpSyDidQW9TsfTkhz+/Gxra3w==","uname":"anno","appName":"HelloWorld","t":"348","TraceId":"8242118a-e250-4b17-8864-44aaea4dbf93","PreTraceId":"","GlobalTraceId":"c767402a-a91e-4dc2-a68a-b1f17822c3b2","AppName":"ApiGateway","Target":"192.168.1.7:7011","AppNameTarget":"ViperService-01","TTL":"0"}', NULL, N'::1:55565', N'192.168.1.7:7011', NULL, CAST(N'2021-07-06T14:51:56.350' AS DateTime), N'Anno.Plugs.Trace', N'Router', N'GetRoutingInfo', N'anno', CAST(4.00000 AS Decimal(18, 5)), 1)
GO
INSERT [dbo].[sys_trace] ([id], [GlobalTraceId], [TraceId], [PreTraceId], [AppNameTarget], [AppName], [TTL], [Request], [Response], [Ip], [Target], [UserId], [Timespan], [Askchannel], [Askrouter], [Askmethod], [Uname], [UseTimeMs], [Rlt]) VALUES (418681953370112, N'e46e5e32-55bd-48ae-9f06-84fd7fa22e56', N'9306ed43-6ed7-4ba4-9d92-72f26ba4b52c', N'', N'ViperService-01', N'ApiGateway', 0, N'{"X-Original-For":"::1:54306","channel":"Anno.Plugs.Logic","router":"Platform","method":"GetAllbif_company","profile":"wfzfGLtNOOPVE/UPxh4EH8PHSUh5fWpSyDidQW9TsfTkhz+/Gxra3w==","uname":"anno","where":"{ \\"rules\\": [{ \\"field\\": \\"name\\", \\"op\\": \\"like\\", \\"value\\": \\"\\", \\"type\\": \\"string\\" }], \\"op\\": \\"and\\" }","page":"1","pagesize":"20","t":"312","TraceId":"9306ed43-6ed7-4ba4-9d92-72f26ba4b52c","PreTraceId":"","GlobalTraceId":"e46e5e32-55bd-48ae-9f06-84fd7fa22e56","AppName":"ApiGateway","Target":"192.168.1.7:7011","AppNameTarget":"ViperService-01","TTL":"0"}', NULL, N'::1:54306', N'192.168.1.7:7011', NULL, CAST(N'2021-07-06T14:53:59.317' AS DateTime), N'Anno.Plugs.Logic', N'Platform', N'GetAllbif_company', N'anno', CAST(16.00000 AS Decimal(18, 5)), 1)
GO
INSERT [dbo].[sys_trace] ([id], [GlobalTraceId], [TraceId], [PreTraceId], [AppNameTarget], [AppName], [TTL], [Request], [Response], [Ip], [Target], [UserId], [Timespan], [Askchannel], [Askrouter], [Askmethod], [Uname], [UseTimeMs], [Rlt]) VALUES (418681994395648, N'adce9303-a74a-4713-b46c-692d9dd2aed7', N'b48c7384-04ce-4404-9a08-4e02bee9b911', N'', N'ViperService-01', N'ApiGateway', 0, N'{"X-Original-For":"::1:58521","channel":"Anno.Plugs.Logic","router":"Platform","method":"GetAllsys_member","profile":"wfzfGLtNOOPVE/UPxh4EH8PHSUh5fWpSyDidQW9TsfTkhz+/Gxra3w==","uname":"anno","where":"{ \\"rules\\": [{ \\"field\\": \\"account\\", \\"op\\": \\"like\\", \\"value\\": \\"\\", \\"type\\": \\"string\\" }], \\"op\\": \\"and\\" }","page":"1","pagesize":"20","t":"344","TraceId":"b48c7384-04ce-4404-9a08-4e02bee9b911","PreTraceId":"","GlobalTraceId":"adce9303-a74a-4713-b46c-692d9dd2aed7","AppName":"ApiGateway","Target":"192.168.1.7:7011","AppNameTarget":"ViperService-01","TTL":"0"}', NULL, N'::1:58521', N'192.168.1.7:7011', NULL, CAST(N'2021-07-06T14:54:03.350' AS DateTime), N'Anno.Plugs.Logic', N'Platform', N'GetAllsys_member', N'anno', CAST(73.00000 AS Decimal(18, 5)), 1)
GO
INSERT [dbo].[sys_trace] ([id], [GlobalTraceId], [TraceId], [PreTraceId], [AppNameTarget], [AppName], [TTL], [Request], [Response], [Ip], [Target], [UserId], [Timespan], [Askchannel], [Askrouter], [Askmethod], [Uname], [UseTimeMs], [Rlt]) VALUES (418682035302400, N'ac78102e-ecf1-4e92-a288-8786b92c3fc5', N'df3fdcc4-03cf-4b1e-8407-eb1213a3519f', N'', N'ViperService-01', N'ApiGateway', 0, N'{"X-Original-For":"::1:56783","channel":"Anno.Plugs.Logic","router":"Platform","method":"Get_rfs","profile":"wfzfGLtNOOPVE/UPxh4EH8PHSUh5fWpSyDidQW9TsfTkhz+/Gxra3w==","uname":"anno","t":"691","TraceId":"df3fdcc4-03cf-4b1e-8407-eb1213a3519f","PreTraceId":"","GlobalTraceId":"ac78102e-ecf1-4e92-a288-8786b92c3fc5","AppName":"ApiGateway","Target":"192.168.1.7:7011","AppNameTarget":"ViperService-01","TTL":"0"}', NULL, N'::1:56783', N'192.168.1.7:7011', NULL, CAST(N'2021-07-06T14:54:12.693' AS DateTime), N'Anno.Plugs.Logic', N'Platform', N'Get_rfs', N'anno', CAST(16.00000 AS Decimal(18, 5)), 1)
GO
INSERT [dbo].[sys_trace] ([id], [GlobalTraceId], [TraceId], [PreTraceId], [AppNameTarget], [AppName], [TTL], [Request], [Response], [Ip], [Target], [UserId], [Timespan], [Askchannel], [Askrouter], [Askmethod], [Uname], [UseTimeMs], [Rlt]) VALUES (418682977230848, N'34b80679-579e-432f-b06a-1faea7572ee8', N'2238b81a-a50f-404f-898c-e56cc2e558de', N'', N'ViperService-01', N'ApiGateway', 0, N'{"X-Original-For":"::1:64477","channel":"Anno.Plugs.Logic","router":"Platform","method":"GetRolePage","profile":"wfzfGLtNOOPVE/UPxh4EH8PHSUh5fWpSyDidQW9TsfTkhz+/Gxra3w==","uname":"anno","roleName":"","page":"1","pagesize":"20","t":"438","TraceId":"2238b81a-a50f-404f-898c-e56cc2e558de","PreTraceId":"","GlobalTraceId":"34b80679-579e-432f-b06a-1faea7572ee8","AppName":"ApiGateway","Target":"192.168.1.7:7011","AppNameTarget":"ViperService-01","TTL":"0"}', NULL, N'::1:64477', N'192.168.1.7:7011', NULL, CAST(N'2021-07-06T14:58:03.447' AS DateTime), N'Anno.Plugs.Logic', N'Platform', N'GetRolePage', N'anno', CAST(7.00000 AS Decimal(18, 5)), 1)
GO
INSERT [dbo].[sys_trace] ([id], [GlobalTraceId], [TraceId], [PreTraceId], [AppNameTarget], [AppName], [TTL], [Request], [Response], [Ip], [Target], [UserId], [Timespan], [Askchannel], [Askrouter], [Askmethod], [Uname], [UseTimeMs], [Rlt]) VALUES (418682977230849, N'3d08efe9-bddf-437f-b6b0-2d51581b1e07', N'c0d0eefc-fd10-4bc3-9be5-7a65015f3b19', N'', N'ViperService-01', N'ApiGateway', 0, N'{"X-Original-For":"::1:64477","channel":"Anno.Plugs.Logic","router":"Platform","method":"Get_all_power","profile":"wfzfGLtNOOPVE/UPxh4EH8PHSUh5fWpSyDidQW9TsfTkhz+/Gxra3w==","uname":"anno","t":"410","TraceId":"c0d0eefc-fd10-4bc3-9be5-7a65015f3b19","PreTraceId":"","GlobalTraceId":"3d08efe9-bddf-437f-b6b0-2d51581b1e07","AppName":"ApiGateway","Target":"192.168.1.7:7011","AppNameTarget":"ViperService-01","TTL":"0"}', NULL, N'::1:64477', N'192.168.1.7:7011', NULL, CAST(N'2021-07-06T14:58:05.413' AS DateTime), N'Anno.Plugs.Logic', N'Platform', N'Get_all_power', N'anno', CAST(5.00000 AS Decimal(18, 5)), 1)
GO
INSERT [dbo].[sys_trace] ([id], [GlobalTraceId], [TraceId], [PreTraceId], [AppNameTarget], [AppName], [TTL], [Request], [Response], [Ip], [Target], [UserId], [Timespan], [Askchannel], [Askrouter], [Askmethod], [Uname], [UseTimeMs], [Rlt]) VALUES (418685353218048, N'ad4810b2-91fa-49df-8edf-6dab7571724d', N'80f4e60d-0785-4953-a86a-5cc5a9415bcf', N'', N'ViperService-01', N'ApiGateway', 0, N'{"X-Original-For":"::1:54177","channel":"Anno.Plugs.Logic","router":"Report","method":"GetServiceReport","profile":"wfzfGLtNOOPVE/UPxh4EH8PHSUh5fWpSyDidQW9TsfTkhz+/Gxra3w==","uname":"anno","t":"606","TraceId":"80f4e60d-0785-4953-a86a-5cc5a9415bcf","PreTraceId":"","GlobalTraceId":"ad4810b2-91fa-49df-8edf-6dab7571724d","AppName":"ApiGateway","Target":"192.168.1.7:7011","AppNameTarget":"ViperService-01","TTL":"0"}', NULL, N'::1:54177', N'192.168.1.7:7011', NULL, CAST(N'2021-07-06T15:07:40.620' AS DateTime), N'Anno.Plugs.Logic', N'Report', N'GetServiceReport', N'anno', CAST(13.00000 AS Decimal(18, 5)), 1)
GO
INSERT [dbo].[sys_trace] ([id], [GlobalTraceId], [TraceId], [PreTraceId], [AppNameTarget], [AppName], [TTL], [Request], [Response], [Ip], [Target], [UserId], [Timespan], [Askchannel], [Askrouter], [Askmethod], [Uname], [UseTimeMs], [Rlt]) VALUES (418685353218049, N'892fc5cb-d818-4615-9136-40ff2c6fcea8', N'eedc6b2a-f365-4cc8-adea-02e1f665f9b8', N'', N'ViperService-01', N'ApiGateway', 0, N'{"X-Original-For":"::1:64765","channel":"Anno.Plugs.Trace","router":"Router","method":"GetRoutingInfo","profile":"wfzfGLtNOOPVE/UPxh4EH8PHSUh5fWpSyDidQW9TsfTkhz+/Gxra3w==","uname":"anno","appName":"HelloWorld","t":"167","TraceId":"eedc6b2a-f365-4cc8-adea-02e1f665f9b8","PreTraceId":"","GlobalTraceId":"892fc5cb-d818-4615-9136-40ff2c6fcea8","AppName":"ApiGateway","Target":"192.168.1.7:7011","AppNameTarget":"ViperService-01","TTL":"0"}', NULL, N'::1:64765', N'192.168.1.7:7011', NULL, CAST(N'2021-07-06T15:07:45.180' AS DateTime), N'Anno.Plugs.Trace', N'Router', N'GetRoutingInfo', N'anno', CAST(5.00000 AS Decimal(18, 5)), 1)
GO
INSERT [dbo].[sys_trace] ([id], [GlobalTraceId], [TraceId], [PreTraceId], [AppNameTarget], [AppName], [TTL], [Request], [Response], [Ip], [Target], [UserId], [Timespan], [Askchannel], [Askrouter], [Askmethod], [Uname], [UseTimeMs], [Rlt]) VALUES (418693913722880, N'0141bb0b-5143-461d-a18e-7045e72421dd', N'8408439f-a581-4101-955c-ec355e85c4d0', N'', N'ViperService-01', N'ApiGateway', 0, N'{"X-Original-For":"::1:56050","channel":"Anno.Plugs.Logic","router":"Platform","method":"Login","account":"anno","pwd":"123456","t":"277","TraceId":"8408439f-a581-4101-955c-ec355e85c4d0","PreTraceId":"","GlobalTraceId":"0141bb0b-5143-461d-a18e-7045e72421dd","AppName":"ApiGateway","Target":"192.168.1.7:7011","AppNameTarget":"ViperService-01","TTL":"0"}', NULL, N'::1:56050', N'192.168.1.7:7011', NULL, CAST(N'2021-07-06T15:42:32.347' AS DateTime), N'Anno.Plugs.Logic', N'Platform', N'Login', NULL, CAST(139.00000 AS Decimal(18, 5)), 1)
GO
INSERT [dbo].[sys_trace] ([id], [GlobalTraceId], [TraceId], [PreTraceId], [AppNameTarget], [AppName], [TTL], [Request], [Response], [Ip], [Target], [UserId], [Timespan], [Askchannel], [Askrouter], [Askmethod], [Uname], [UseTimeMs], [Rlt]) VALUES (418693913722881, N'bd8c1b8d-c6a8-48bd-b805-6d228b6c6dd9', N'585fb045-5ad0-4ef7-8cc8-0d3d6810e635', N'', N'ViperService-01', N'ApiGateway', 0, N'{"X-Original-For":"::1:56050","channel":"Anno.Plugs.Logic","router":"Platform","method":"GetUsrFc","profile":"wfzfGLtNOOPVE/UPxh4EH8PHSUh5fWpSVLiqUn/gmy6J6XfncsW2gg==","uname":"anno","t":"873","TraceId":"585fb045-5ad0-4ef7-8cc8-0d3d6810e635","PreTraceId":"","GlobalTraceId":"bd8c1b8d-c6a8-48bd-b805-6d228b6c6dd9","AppName":"ApiGateway","Target":"192.168.1.7:7011","AppNameTarget":"ViperService-01","TTL":"0"}', NULL, N'::1:56050', N'192.168.1.7:7011', NULL, CAST(N'2021-07-06T15:42:32.877' AS DateTime), N'Anno.Plugs.Logic', N'Platform', N'GetUsrFc', N'anno', CAST(4.00000 AS Decimal(18, 5)), 1)
GO
INSERT [dbo].[sys_trace] ([id], [GlobalTraceId], [TraceId], [PreTraceId], [AppNameTarget], [AppName], [TTL], [Request], [Response], [Ip], [Target], [UserId], [Timespan], [Askchannel], [Askrouter], [Askmethod], [Uname], [UseTimeMs], [Rlt]) VALUES (418693913722882, N'46f42951-593c-4fee-b567-aa9f70a369e5', N'8b5d588a-a3c9-4b2f-aeea-ed7867d89dbd', N'', N'ViperService-01', N'ApiGateway', 0, N'{"X-Original-For":"::1:56050","channel":"Anno.Plugs.Logic","router":"Platform","method":"GetFunc","profile":"wfzfGLtNOOPVE/UPxh4EH8PHSUh5fWpSVLiqUn/gmy6J6XfncsW2gg==","uname":"anno","t":"885","TraceId":"8b5d588a-a3c9-4b2f-aeea-ed7867d89dbd","PreTraceId":"","GlobalTraceId":"46f42951-593c-4fee-b567-aa9f70a369e5","AppName":"ApiGateway","Target":"192.168.1.7:7011","AppNameTarget":"ViperService-01","TTL":"0"}', NULL, N'::1:56050', N'192.168.1.7:7011', NULL, CAST(N'2021-07-06T15:42:32.887' AS DateTime), N'Anno.Plugs.Logic', N'Platform', N'GetFunc', N'anno', CAST(4.00000 AS Decimal(18, 5)), 1)
GO
INSERT [dbo].[sys_trace] ([id], [GlobalTraceId], [TraceId], [PreTraceId], [AppNameTarget], [AppName], [TTL], [Request], [Response], [Ip], [Target], [UserId], [Timespan], [Askchannel], [Askrouter], [Askmethod], [Uname], [UseTimeMs], [Rlt]) VALUES (418693913722883, N'3cdc2125-08bd-4882-8fad-1380030df354', N'cd15cc42-8ff2-403e-98aa-39fc194b8978', N'', N'ViperService-01', N'ApiGateway', 0, N'{"X-Original-For":"::1:56050","channel":"Anno.Plugs.Logic","router":"Report","method":"GetServiceReport","profile":"wfzfGLtNOOPVE/UPxh4EH8PHSUh5fWpSVLiqUn/gmy6J6XfncsW2gg==","uname":"anno","t":"411","TraceId":"cd15cc42-8ff2-403e-98aa-39fc194b8978","PreTraceId":"","GlobalTraceId":"3cdc2125-08bd-4882-8fad-1380030df354","AppName":"ApiGateway","Target":"192.168.1.7:7011","AppNameTarget":"ViperService-01","TTL":"0"}', NULL, N'::1:56050', N'192.168.1.7:7011', NULL, CAST(N'2021-07-06T15:42:33.420' AS DateTime), N'Anno.Plugs.Logic', N'Report', N'GetServiceReport', N'anno', CAST(5.00000 AS Decimal(18, 5)), 1)
GO
INSERT [dbo].[sys_trace] ([id], [GlobalTraceId], [TraceId], [PreTraceId], [AppNameTarget], [AppName], [TTL], [Request], [Response], [Ip], [Target], [UserId], [Timespan], [Askchannel], [Askrouter], [Askmethod], [Uname], [UseTimeMs], [Rlt]) VALUES (418693954371584, N'f0830ce1-a01e-4401-8ccd-ea72314521c7', N'362ab561-d35c-411a-9ffe-8dc152f8dc6c', N'', N'ViperService-01', N'ApiGateway', 0, N'{"X-Original-For":"::1:64532","channel":"Anno.Plugs.Trace","router":"Router","method":"GetServiceInstances","profile":"wfzfGLtNOOPVE/UPxh4EH8PHSUh5fWpSVLiqUn/gmy6J6XfncsW2gg==","uname":"anno","t":"169","TraceId":"362ab561-d35c-411a-9ffe-8dc152f8dc6c","PreTraceId":"","GlobalTraceId":"f0830ce1-a01e-4401-8ccd-ea72314521c7","AppName":"ApiGateway","Target":"192.168.1.7:7011","AppNameTarget":"ViperService-01","TTL":"0"}', NULL, N'::1:64532', N'192.168.1.7:7011', NULL, CAST(N'2021-07-06T15:42:44.173' AS DateTime), N'Anno.Plugs.Trace', N'Router', N'GetServiceInstances', N'anno', CAST(10.00000 AS Decimal(18, 5)), 1)
GO
INSERT [dbo].[sys_trace] ([id], [GlobalTraceId], [TraceId], [PreTraceId], [AppNameTarget], [AppName], [TTL], [Request], [Response], [Ip], [Target], [UserId], [Timespan], [Askchannel], [Askrouter], [Askmethod], [Uname], [UseTimeMs], [Rlt]) VALUES (418693954371585, N'bb22e08d-816f-47b2-bc42-4ab57d06e119', N'b10cb323-673d-4452-b53c-d80db4009437', N'', N'ViperService-01', N'ApiGateway', 0, N'{"X-Original-For":"::1:60950","channel":"Anno.Plugs.Logic","router":"Report","method":"GetServiceReport","profile":"wfzfGLtNOOPVE/UPxh4EH8PHSUh5fWpSVLiqUn/gmy6J6XfncsW2gg==","uname":"anno","t":"447","TraceId":"b10cb323-673d-4452-b53c-d80db4009437","PreTraceId":"","GlobalTraceId":"bb22e08d-816f-47b2-bc42-4ab57d06e119","AppName":"ApiGateway","Target":"192.168.1.7:7011","AppNameTarget":"ViperService-01","TTL":"0"}', NULL, N'::1:60950', N'192.168.1.7:7011', NULL, CAST(N'2021-07-06T15:42:50.450' AS DateTime), N'Anno.Plugs.Logic', N'Report', N'GetServiceReport', N'anno', CAST(4.00000 AS Decimal(18, 5)), 1)
GO
INSERT [dbo].[sys_trace] ([id], [GlobalTraceId], [TraceId], [PreTraceId], [AppNameTarget], [AppName], [TTL], [Request], [Response], [Ip], [Target], [UserId], [Timespan], [Askchannel], [Askrouter], [Askmethod], [Uname], [UseTimeMs], [Rlt]) VALUES (418694118211584, N'e9ac1a5e-baf4-4948-9b48-42a1d921c9d0', N'0762111a-247c-45ea-bc0e-b2a51dff2cf3', N'', N'ViperService-01', N'ApiGateway', 0, N'{"X-Original-For":"::1:55161","channel":"Anno.Plugs.Logic","router":"Report","method":"GetServiceReport","profile":"wfzfGLtNOOPVE/UPxh4EH8PHSUh5fWpSVLiqUn/gmy6J6XfncsW2gg==","uname":"anno","t":"908","TraceId":"0762111a-247c-45ea-bc0e-b2a51dff2cf3","PreTraceId":"","GlobalTraceId":"e9ac1a5e-baf4-4948-9b48-42a1d921c9d0","AppName":"ApiGateway","Target":"192.168.1.7:7011","AppNameTarget":"ViperService-01","TTL":"0"}', NULL, N'::1:55161', N'192.168.1.7:7011', NULL, CAST(N'2021-07-06T15:43:26.910' AS DateTime), N'Anno.Plugs.Logic', N'Report', N'GetServiceReport', N'anno', CAST(2.00000 AS Decimal(18, 5)), 1)
GO
INSERT [dbo].[sys_trace] ([id], [GlobalTraceId], [TraceId], [PreTraceId], [AppNameTarget], [AppName], [TTL], [Request], [Response], [Ip], [Target], [UserId], [Timespan], [Askchannel], [Askrouter], [Askmethod], [Uname], [UseTimeMs], [Rlt]) VALUES (418694118211585, N'8a14c1aa-3bd4-405f-9024-8250514e8ad9', N'3f757173-e810-4fdc-a508-bc59c3614c95', N'', N'ViperService-01', N'ApiGateway', 0, N'{"X-Original-For":"::1:55161","channel":"Anno.Plugs.Trace","router":"Router","method":"GetRoutingInfo","profile":"wfzfGLtNOOPVE/UPxh4EH8PHSUh5fWpSVLiqUn/gmy6J6XfncsW2gg==","uname":"anno","appName":"HelloWorld","t":"759","TraceId":"3f757173-e810-4fdc-a508-bc59c3614c95","PreTraceId":"","GlobalTraceId":"8a14c1aa-3bd4-405f-9024-8250514e8ad9","AppName":"ApiGateway","Target":"192.168.1.7:7011","AppNameTarget":"ViperService-01","TTL":"0"}', NULL, N'::1:55161', N'192.168.1.7:7011', NULL, CAST(N'2021-07-06T15:43:29.763' AS DateTime), N'Anno.Plugs.Trace', N'Router', N'GetRoutingInfo', N'anno', CAST(7.00000 AS Decimal(18, 5)), 1)
GO
INSERT [dbo].[sys_trace] ([id], [GlobalTraceId], [TraceId], [PreTraceId], [AppNameTarget], [AppName], [TTL], [Request], [Response], [Ip], [Target], [UserId], [Timespan], [Askchannel], [Askrouter], [Askmethod], [Uname], [UseTimeMs], [Rlt]) VALUES (418694323011584, N'2d5e8692-9cee-4fc8-95eb-9be760fdfcae', N'62e43744-6b83-4b09-b189-5c7ce13c0b92', N'', N'ViperService-01', N'ApiGateway', 0, N'{"X-Original-For":"::1:60800","channel":"Anno.Plugs.Trace","router":"Router","method":"GetRoutingInfo","profile":"wfzfGLtNOOPVE/UPxh4EH8PHSUh5fWpSVLiqUn/gmy6J6XfncsW2gg==","uname":"anno","appName":"HelloWorld","t":"476","TraceId":"62e43744-6b83-4b09-b189-5c7ce13c0b92","PreTraceId":"","GlobalTraceId":"2d5e8692-9cee-4fc8-95eb-9be760fdfcae","AppName":"ApiGateway","Target":"192.168.1.7:7011","AppNameTarget":"ViperService-01","TTL":"0"}', NULL, N'::1:60800', N'192.168.1.7:7011', NULL, CAST(N'2021-07-06T15:44:15.490' AS DateTime), N'Anno.Plugs.Trace', N'Router', N'GetRoutingInfo', N'anno', CAST(6.00000 AS Decimal(18, 5)), 1)
GO
INSERT [dbo].[sys_trace] ([id], [GlobalTraceId], [TraceId], [PreTraceId], [AppNameTarget], [AppName], [TTL], [Request], [Response], [Ip], [Target], [UserId], [Timespan], [Askchannel], [Askrouter], [Askmethod], [Uname], [UseTimeMs], [Rlt]) VALUES (418694363992064, N'3ca7f385-74a1-4071-9e35-22722b94d028', N'5ef41282-05ed-4565-a51d-cfbac7bbdc95', N'', N'ViperService-01', N'ApiGateway', 0, N'{"X-Original-For":"::1:56648","channel":"Anno.Plugs.Logic","router":"Platform","method":"GetUsrFc","profile":"wfzfGLtNOOPVE/UPxh4EH8PHSUh5fWpSVLiqUn/gmy6J6XfncsW2gg==","uname":"anno","t":"636","TraceId":"5ef41282-05ed-4565-a51d-cfbac7bbdc95","PreTraceId":"","GlobalTraceId":"3ca7f385-74a1-4071-9e35-22722b94d028","AppName":"ApiGateway","Target":"192.168.1.7:7011","AppNameTarget":"ViperService-01","TTL":"0"}', NULL, N'::1:56648', N'192.168.1.7:7011', NULL, CAST(N'2021-07-06T15:44:28.643' AS DateTime), N'Anno.Plugs.Logic', N'Platform', N'GetUsrFc', N'anno', CAST(5.00000 AS Decimal(18, 5)), 1)
GO
INSERT [dbo].[sys_trace] ([id], [GlobalTraceId], [TraceId], [PreTraceId], [AppNameTarget], [AppName], [TTL], [Request], [Response], [Ip], [Target], [UserId], [Timespan], [Askchannel], [Askrouter], [Askmethod], [Uname], [UseTimeMs], [Rlt]) VALUES (418694363992065, N'7291fb80-098b-4826-9093-a4f70e51cd21', N'05f03bda-ae26-4f51-b912-a427b0c60928', N'', N'ViperService-01', N'ApiGateway', 0, N'{"X-Original-For":"::1:56648","channel":"Anno.Plugs.Logic","router":"Platform","method":"GetFunc","profile":"wfzfGLtNOOPVE/UPxh4EH8PHSUh5fWpSVLiqUn/gmy6J6XfncsW2gg==","uname":"anno","t":"649","TraceId":"05f03bda-ae26-4f51-b912-a427b0c60928","PreTraceId":"","GlobalTraceId":"7291fb80-098b-4826-9093-a4f70e51cd21","AppName":"ApiGateway","Target":"192.168.1.7:7011","AppNameTarget":"ViperService-01","TTL":"0"}', NULL, N'::1:56648', N'192.168.1.7:7011', NULL, CAST(N'2021-07-06T15:44:28.653' AS DateTime), N'Anno.Plugs.Logic', N'Platform', N'GetFunc', N'anno', CAST(4.00000 AS Decimal(18, 5)), 1)
GO
INSERT [dbo].[sys_trace] ([id], [GlobalTraceId], [TraceId], [PreTraceId], [AppNameTarget], [AppName], [TTL], [Request], [Response], [Ip], [Target], [UserId], [Timespan], [Askchannel], [Askrouter], [Askmethod], [Uname], [UseTimeMs], [Rlt]) VALUES (418694363992066, N'2af0e817-c474-4dab-ad22-a1b7afaa99ff', N'd896b6b9-e2a8-442f-afff-c4c23866711e', N'', N'ViperService-01', N'ApiGateway', 0, N'{"X-Original-For":"::1:56648","channel":"Anno.Plugs.Logic","router":"Report","method":"GetServiceReport","profile":"wfzfGLtNOOPVE/UPxh4EH8PHSUh5fWpSVLiqUn/gmy6J6XfncsW2gg==","uname":"anno","t":"782","TraceId":"d896b6b9-e2a8-442f-afff-c4c23866711e","PreTraceId":"","GlobalTraceId":"2af0e817-c474-4dab-ad22-a1b7afaa99ff","AppName":"ApiGateway","Target":"192.168.1.7:7011","AppNameTarget":"ViperService-01","TTL":"0"}', NULL, N'::1:56648', N'192.168.1.7:7011', NULL, CAST(N'2021-07-06T15:44:28.787' AS DateTime), N'Anno.Plugs.Logic', N'Report', N'GetServiceReport', N'anno', CAST(2.00000 AS Decimal(18, 5)), 1)
GO
INSERT [dbo].[sys_trace] ([id], [GlobalTraceId], [TraceId], [PreTraceId], [AppNameTarget], [AppName], [TTL], [Request], [Response], [Ip], [Target], [UserId], [Timespan], [Askchannel], [Askrouter], [Askmethod], [Uname], [UseTimeMs], [Rlt]) VALUES (418694404923392, N'18120f5a-c2fc-4fbf-87a3-9761b33bfb3e', N'3ad4e480-71a7-44ec-96bb-c362956b116f', N'', N'ViperService-01', N'ApiGateway', 0, N'{"X-Original-For":"::1:49248","channel":"Anno.Plugs.Trace","router":"Router","method":"GetServiceInstances","profile":"wfzfGLtNOOPVE/UPxh4EH8PHSUh5fWpSVLiqUn/gmy6J6XfncsW2gg==","uname":"anno","t":"241","TraceId":"3ad4e480-71a7-44ec-96bb-c362956b116f","PreTraceId":"","GlobalTraceId":"18120f5a-c2fc-4fbf-87a3-9761b33bfb3e","AppName":"ApiGateway","Target":"192.168.1.7:7011","AppNameTarget":"ViperService-01","TTL":"0"}', NULL, N'::1:49248', N'192.168.1.7:7011', NULL, CAST(N'2021-07-06T15:44:32.243' AS DateTime), N'Anno.Plugs.Trace', N'Router', N'GetServiceInstances', N'anno', CAST(2.00000 AS Decimal(18, 5)), 1)
GO
INSERT [dbo].[sys_trace] ([id], [GlobalTraceId], [TraceId], [PreTraceId], [AppNameTarget], [AppName], [TTL], [Request], [Response], [Ip], [Target], [UserId], [Timespan], [Askchannel], [Askrouter], [Askmethod], [Uname], [UseTimeMs], [Rlt]) VALUES (418694404923393, N'fef65e25-b1b0-4ac4-8ef4-210af768c51a', N'464a8eef-29f5-4edb-a206-4f6979239208', N'', N'ViperService-01', N'ApiGateway', 0, N'{"X-Original-For":"::1:62692","channel":"Anno.Plugs.Trace","router":"Router","method":"GetRoutingInfo","profile":"wfzfGLtNOOPVE/UPxh4EH8PHSUh5fWpSVLiqUn/gmy6J6XfncsW2gg==","uname":"anno","appName":"HelloWorld","t":"463","TraceId":"464a8eef-29f5-4edb-a206-4f6979239208","PreTraceId":"","GlobalTraceId":"fef65e25-b1b0-4ac4-8ef4-210af768c51a","AppName":"ApiGateway","Target":"192.168.1.7:7011","AppNameTarget":"ViperService-01","TTL":"0"}', NULL, N'::1:62692', N'192.168.1.7:7011', NULL, CAST(N'2021-07-06T15:44:40.467' AS DateTime), N'Anno.Plugs.Trace', N'Router', N'GetRoutingInfo', N'anno', CAST(6.00000 AS Decimal(18, 5)), 1)
GO
INSERT [dbo].[sys_trace] ([id], [GlobalTraceId], [TraceId], [PreTraceId], [AppNameTarget], [AppName], [TTL], [Request], [Response], [Ip], [Target], [UserId], [Timespan], [Askchannel], [Askrouter], [Askmethod], [Uname], [UseTimeMs], [Rlt]) VALUES (418694445944832, N'14ea7c1f-8db8-4ef6-87d8-13558290b8dc', N'e3b895e8-8ed0-4ea7-87bb-327daf0395b3', N'', N'ViperService-01', N'ApiGateway', 0, N'{"X-Original-For":"::1:62692","channel":"Anno.Plugs.Trace","router":"Router","method":"GetRoutingInfo","profile":"wfzfGLtNOOPVE/UPxh4EH8PHSUh5fWpSVLiqUn/gmy6J6XfncsW2gg==","uname":"anno","appName":"HelloWorld","t":"603","TraceId":"e3b895e8-8ed0-4ea7-87bb-327daf0395b3","PreTraceId":"","GlobalTraceId":"14ea7c1f-8db8-4ef6-87d8-13558290b8dc","AppName":"ApiGateway","Target":"192.168.1.7:7011","AppNameTarget":"ViperService-01","TTL":"0"}', NULL, N'::1:62692', N'192.168.1.7:7011', NULL, CAST(N'2021-07-06T15:44:42.610' AS DateTime), N'Anno.Plugs.Trace', N'Router', N'GetRoutingInfo', N'anno', CAST(13.00000 AS Decimal(18, 5)), 1)
GO
INSERT [dbo].[sys_trace] ([id], [GlobalTraceId], [TraceId], [PreTraceId], [AppNameTarget], [AppName], [TTL], [Request], [Response], [Ip], [Target], [UserId], [Timespan], [Askchannel], [Askrouter], [Askmethod], [Uname], [UseTimeMs], [Rlt]) VALUES (418694445944833, N'62359c8e-920a-4f40-be47-957eca337346', N'6ed22e08-fedd-4695-a058-00e3c91cddc3', N'', N'ViperService-01', N'ApiGateway', 0, N'{"X-Original-For":"::1:49336","channel":"Anno.Plugs.Trace","router":"Router","method":"GetServiceInstances","profile":"wfzfGLtNOOPVE/UPxh4EH8PHSUh5fWpSVLiqUn/gmy6J6XfncsW2gg==","uname":"anno","t":"804","TraceId":"6ed22e08-fedd-4695-a058-00e3c91cddc3","PreTraceId":"","GlobalTraceId":"62359c8e-920a-4f40-be47-957eca337346","AppName":"ApiGateway","Target":"192.168.1.7:7011","AppNameTarget":"ViperService-01","TTL":"0"}', NULL, N'::1:49336', N'192.168.1.7:7011', NULL, CAST(N'2021-07-06T15:44:46.810' AS DateTime), N'Anno.Plugs.Trace', N'Router', N'GetServiceInstances', N'anno', CAST(7.00000 AS Decimal(18, 5)), 1)
GO
INSERT [dbo].[sys_trace] ([id], [GlobalTraceId], [TraceId], [PreTraceId], [AppNameTarget], [AppName], [TTL], [Request], [Response], [Ip], [Target], [UserId], [Timespan], [Askchannel], [Askrouter], [Askmethod], [Uname], [UseTimeMs], [Rlt]) VALUES (418694445944834, N'730a7559-84e9-44ee-9158-a3154f02e7fc', N'df7bf717-5ab7-437a-9834-d6ef8aa5db13', N'', N'ViperService-01', N'ApiGateway', 0, N'{"X-Original-For":"::1:56160","channel":"Anno.Plugs.Logic","router":"Report","method":"GetServiceReport","profile":"wfzfGLtNOOPVE/UPxh4EH8PHSUh5fWpSVLiqUn/gmy6J6XfncsW2gg==","uname":"anno","t":"223","TraceId":"df7bf717-5ab7-437a-9834-d6ef8aa5db13","PreTraceId":"","GlobalTraceId":"730a7559-84e9-44ee-9158-a3154f02e7fc","AppName":"ApiGateway","Target":"192.168.1.7:7011","AppNameTarget":"ViperService-01","TTL":"0"}', NULL, N'::1:56160', N'192.168.1.7:7011', NULL, CAST(N'2021-07-06T15:44:50.227' AS DateTime), N'Anno.Plugs.Logic', N'Report', N'GetServiceReport', N'anno', CAST(2.00000 AS Decimal(18, 5)), 1)
GO
INSERT [dbo].[sys_trace] ([id], [GlobalTraceId], [TraceId], [PreTraceId], [AppNameTarget], [AppName], [TTL], [Request], [Response], [Ip], [Target], [UserId], [Timespan], [Askchannel], [Askrouter], [Askmethod], [Uname], [UseTimeMs], [Rlt]) VALUES (418694609764352, N'593a060c-acd9-4067-b589-7d2536bb60dd', N'9e4d29db-d206-45af-b405-8994b729c338', N'', N'ViperService-01', N'ApiGateway', 0, N'{"X-Original-For":"::1:52408","channel":"Anno.Plugs.Trace","router":"Router","method":"GetRoutingInfo","profile":"wfzfGLtNOOPVE/UPxh4EH8PHSUh5fWpSVLiqUn/gmy6J6XfncsW2gg==","uname":"anno","appName":"HelloWorld","t":"793","TraceId":"9e4d29db-d206-45af-b405-8994b729c338","PreTraceId":"","GlobalTraceId":"593a060c-acd9-4067-b589-7d2536bb60dd","AppName":"ApiGateway","Target":"192.168.1.7:7011","AppNameTarget":"ViperService-01","TTL":"0"}', NULL, N'::1:52408', N'192.168.1.7:7011', NULL, CAST(N'2021-07-06T15:45:24.797' AS DateTime), N'Anno.Plugs.Trace', N'Router', N'GetRoutingInfo', N'anno', CAST(6.00000 AS Decimal(18, 5)), 1)
GO
INSERT [dbo].[sys_trace] ([id], [GlobalTraceId], [TraceId], [PreTraceId], [AppNameTarget], [AppName], [TTL], [Request], [Response], [Ip], [Target], [UserId], [Timespan], [Askchannel], [Askrouter], [Askmethod], [Uname], [UseTimeMs], [Rlt]) VALUES (418694609764353, N'e9c55477-164c-4206-a9ff-006827af4ccd', N'e91a5fd0-958e-4421-8e35-81db7cf20446', N'', N'ViperService-01', N'ApiGateway', 0, N'{"X-Original-For":"::1:63786","channel":"Anno.Plugs.Logic","router":"Report","method":"GetServiceReport","profile":"wfzfGLtNOOPVE/UPxh4EH8PHSUh5fWpSVLiqUn/gmy6J6XfncsW2gg==","uname":"anno","t":"989","TraceId":"e91a5fd0-958e-4421-8e35-81db7cf20446","PreTraceId":"","GlobalTraceId":"e9c55477-164c-4206-a9ff-006827af4ccd","AppName":"ApiGateway","Target":"192.168.1.7:7011","AppNameTarget":"ViperService-01","TTL":"0"}', NULL, N'::1:63786', N'192.168.1.7:7011', NULL, CAST(N'2021-07-06T15:45:27.993' AS DateTime), N'Anno.Plugs.Logic', N'Report', N'GetServiceReport', N'anno', CAST(3.00000 AS Decimal(18, 5)), 1)
GO
INSERT [dbo].[sys_trace] ([id], [GlobalTraceId], [TraceId], [PreTraceId], [AppNameTarget], [AppName], [TTL], [Request], [Response], [Ip], [Target], [UserId], [Timespan], [Askchannel], [Askrouter], [Askmethod], [Uname], [UseTimeMs], [Rlt]) VALUES (418694650765312, N'6f9c96b2-6b42-4fdc-b751-b19fd9f762be', N'e252f8d1-2cde-4de4-8442-1b7428985663', N'', N'ViperService-01', N'ApiGateway', 0, N'{"X-Original-For":"::1:65060","channel":"Anno.Plugs.Trace","router":"Router","method":"GetServiceInstances","profile":"wfzfGLtNOOPVE/UPxh4EH8PHSUh5fWpSVLiqUn/gmy6J6XfncsW2gg==","uname":"anno","t":"510","TraceId":"e252f8d1-2cde-4de4-8442-1b7428985663","PreTraceId":"","GlobalTraceId":"6f9c96b2-6b42-4fdc-b751-b19fd9f762be","AppName":"ApiGateway","Target":"192.168.1.7:7011","AppNameTarget":"ViperService-01","TTL":"0"}', NULL, N'::1:65060', N'192.168.1.7:7011', NULL, CAST(N'2021-07-06T15:45:36.513' AS DateTime), N'Anno.Plugs.Trace', N'Router', N'GetServiceInstances', N'anno', CAST(3.00000 AS Decimal(18, 5)), 1)
GO
INSERT [dbo].[sys_trace] ([id], [GlobalTraceId], [TraceId], [PreTraceId], [AppNameTarget], [AppName], [TTL], [Request], [Response], [Ip], [Target], [UserId], [Timespan], [Askchannel], [Askrouter], [Askmethod], [Uname], [UseTimeMs], [Rlt]) VALUES (418694650765313, N'e15ddbae-9714-41ab-a1a8-94a315b73ca9', N'b74c18a4-a7df-4632-9c68-6fcd34d37dba', N'', N'ViperService-01', N'ApiGateway', 0, N'{"X-Original-For":"::1:63904","channel":"Anno.Plugs.Logic","router":"Platform","method":"GetUsrFc","profile":"wfzfGLtNOOPVE/UPxh4EH8PHSUh5fWpSyDidQW9TsfTkhz+/Gxra3w==","uname":"anno","t":"971","TraceId":"b74c18a4-a7df-4632-9c68-6fcd34d37dba","PreTraceId":"","GlobalTraceId":"e15ddbae-9714-41ab-a1a8-94a315b73ca9","AppName":"ApiGateway","Target":"192.168.1.7:7011","AppNameTarget":"ViperService-01","TTL":"0"}', N'{"Status":false,"Msg":"无权访问，你的IP已经被记录！","Output":null,"OutputData":null}', N'::1:63904', N'192.168.1.7:7011', NULL, CAST(N'2021-07-06T15:45:38.977' AS DateTime), N'Anno.Plugs.Logic', N'Platform', N'GetUsrFc', N'anno', CAST(2.00000 AS Decimal(18, 5)), 0)
GO
INSERT [dbo].[sys_trace] ([id], [GlobalTraceId], [TraceId], [PreTraceId], [AppNameTarget], [AppName], [TTL], [Request], [Response], [Ip], [Target], [UserId], [Timespan], [Askchannel], [Askrouter], [Askmethod], [Uname], [UseTimeMs], [Rlt]) VALUES (418694691721216, N'421d8efc-1115-4f3d-b3aa-0768aa8d57b8', N'b567a397-a0b2-4884-8dd8-ca7dc4dc3161', N'', N'ViperService-01', N'ApiGateway', 0, N'{"X-Original-For":"::1:61994","channel":"Anno.Plugs.Logic","router":"Platform","method":"Login","account":"anno","pwd":"123456","t":"18","TraceId":"b567a397-a0b2-4884-8dd8-ca7dc4dc3161","PreTraceId":"","GlobalTraceId":"421d8efc-1115-4f3d-b3aa-0768aa8d57b8","AppName":"ApiGateway","Target":"192.168.1.7:7011","AppNameTarget":"ViperService-01","TTL":"0"}', NULL, N'::1:61994', N'192.168.1.7:7011', NULL, CAST(N'2021-07-06T15:45:41.027' AS DateTime), N'Anno.Plugs.Logic', N'Platform', N'Login', NULL, CAST(29.00000 AS Decimal(18, 5)), 1)
GO
INSERT [dbo].[sys_trace] ([id], [GlobalTraceId], [TraceId], [PreTraceId], [AppNameTarget], [AppName], [TTL], [Request], [Response], [Ip], [Target], [UserId], [Timespan], [Askchannel], [Askrouter], [Askmethod], [Uname], [UseTimeMs], [Rlt]) VALUES (418694691721217, N'79b40b12-a976-436d-b34c-03c5d0a4ca26', N'08da727b-691f-4938-96cc-1d16332c10d5', N'', N'ViperService-01', N'ApiGateway', 0, N'{"X-Original-For":"::1:61994","channel":"Anno.Plugs.Logic","router":"Platform","method":"GetUsrFc","profile":"wfzfGLtNOOPVE/UPxh4EH8PHSUh5fWpSVLiqUn/gmy5JuMmVv9GBqQ==","uname":"anno","t":"313","TraceId":"08da727b-691f-4938-96cc-1d16332c10d5","PreTraceId":"","GlobalTraceId":"79b40b12-a976-436d-b34c-03c5d0a4ca26","AppName":"ApiGateway","Target":"192.168.1.7:7011","AppNameTarget":"ViperService-01","TTL":"0"}', NULL, N'::1:61994', N'192.168.1.7:7011', NULL, CAST(N'2021-07-06T15:45:41.317' AS DateTime), N'Anno.Plugs.Logic', N'Platform', N'GetUsrFc', N'anno', CAST(6.00000 AS Decimal(18, 5)), 1)
GO
INSERT [dbo].[sys_trace] ([id], [GlobalTraceId], [TraceId], [PreTraceId], [AppNameTarget], [AppName], [TTL], [Request], [Response], [Ip], [Target], [UserId], [Timespan], [Askchannel], [Askrouter], [Askmethod], [Uname], [UseTimeMs], [Rlt]) VALUES (418694691721218, N'd8a79f0b-f706-49c4-a0d3-6a96a93906cf', N'e2ae1ddb-1367-4292-96a4-eab151fbc444', N'', N'ViperService-01', N'ApiGateway', 0, N'{"X-Original-For":"::1:61994","channel":"Anno.Plugs.Logic","router":"Platform","method":"GetFunc","profile":"wfzfGLtNOOPVE/UPxh4EH8PHSUh5fWpSVLiqUn/gmy5JuMmVv9GBqQ==","uname":"anno","t":"326","TraceId":"e2ae1ddb-1367-4292-96a4-eab151fbc444","PreTraceId":"","GlobalTraceId":"d8a79f0b-f706-49c4-a0d3-6a96a93906cf","AppName":"ApiGateway","Target":"192.168.1.7:7011","AppNameTarget":"ViperService-01","TTL":"0"}', NULL, N'::1:61994', N'192.168.1.7:7011', NULL, CAST(N'2021-07-06T15:45:41.330' AS DateTime), N'Anno.Plugs.Logic', N'Platform', N'GetFunc', N'anno', CAST(5.00000 AS Decimal(18, 5)), 1)
GO
INSERT [dbo].[sys_trace] ([id], [GlobalTraceId], [TraceId], [PreTraceId], [AppNameTarget], [AppName], [TTL], [Request], [Response], [Ip], [Target], [UserId], [Timespan], [Askchannel], [Askrouter], [Askmethod], [Uname], [UseTimeMs], [Rlt]) VALUES (418694691721219, N'20154adc-abf1-410b-8e3e-5ea2ad7563a3', N'62a0e757-cf3f-42dc-acf4-adedc7af10d4', N'', N'ViperService-01', N'ApiGateway', 0, N'{"X-Original-For":"::1:53481","channel":"Anno.Plugs.Logic","router":"Report","method":"GetServiceReport","profile":"wfzfGLtNOOPVE/UPxh4EH8PHSUh5fWpSVLiqUn/gmy5JuMmVv9GBqQ==","uname":"anno","t":"489","TraceId":"62a0e757-cf3f-42dc-acf4-adedc7af10d4","PreTraceId":"","GlobalTraceId":"20154adc-abf1-410b-8e3e-5ea2ad7563a3","AppName":"ApiGateway","Target":"192.168.1.7:7011","AppNameTarget":"ViperService-01","TTL":"0"}', NULL, N'::1:53481', N'192.168.1.7:7011', NULL, CAST(N'2021-07-06T15:45:41.490' AS DateTime), N'Anno.Plugs.Logic', N'Report', N'GetServiceReport', N'anno', CAST(3.00000 AS Decimal(18, 5)), 1)
GO
INSERT [dbo].[sys_trace] ([id], [GlobalTraceId], [TraceId], [PreTraceId], [AppNameTarget], [AppName], [TTL], [Request], [Response], [Ip], [Target], [UserId], [Timespan], [Askchannel], [Askrouter], [Askmethod], [Uname], [UseTimeMs], [Rlt]) VALUES (418694691721220, N'05712ac4-c0ff-4f4f-96fd-eaf35797d931', N'6fb974e7-b0e5-4e74-a62a-8935f63f86a9', N'', N'ViperService-01', N'ApiGateway', 0, N'{"X-Original-For":"::1:53481","channel":"Anno.Plugs.Trace","router":"Router","method":"GetServiceInstances","profile":"wfzfGLtNOOPVE/UPxh4EH8PHSUh5fWpSVLiqUn/gmy5JuMmVv9GBqQ==","uname":"anno","t":"404","TraceId":"6fb974e7-b0e5-4e74-a62a-8935f63f86a9","PreTraceId":"","GlobalTraceId":"05712ac4-c0ff-4f4f-96fd-eaf35797d931","AppName":"ApiGateway","Target":"192.168.1.7:7011","AppNameTarget":"ViperService-01","TTL":"0"}', NULL, N'::1:53481', N'192.168.1.7:7011', NULL, CAST(N'2021-07-06T15:45:44.407' AS DateTime), N'Anno.Plugs.Trace', N'Router', N'GetServiceInstances', N'anno', CAST(2.00000 AS Decimal(18, 5)), 1)
GO
INSERT [dbo].[sys_trace] ([id], [GlobalTraceId], [TraceId], [PreTraceId], [AppNameTarget], [AppName], [TTL], [Request], [Response], [Ip], [Target], [UserId], [Timespan], [Askchannel], [Askrouter], [Askmethod], [Uname], [UseTimeMs], [Rlt]) VALUES (418694814531584, N'ffab2b95-832c-44d2-b4eb-80f1666373a3', N'1ddcf61b-d662-4455-bd89-0ef941f4670f', N'', N'ViperService-01', N'ApiGateway', 0, N'{"X-Original-For":"::1:52529","channel":"Anno.Plugs.Logic","router":"Platform","method":"GetUsrFc","profile":"wfzfGLtNOOPVE/UPxh4EH8PHSUh5fWpSVLiqUn/gmy5JuMmVv9GBqQ==","uname":"anno","t":"488","TraceId":"1ddcf61b-d662-4455-bd89-0ef941f4670f","PreTraceId":"","GlobalTraceId":"ffab2b95-832c-44d2-b4eb-80f1666373a3","AppName":"ApiGateway","Target":"192.168.1.7:7011","AppNameTarget":"ViperService-01","TTL":"0"}', NULL, N'::1:52529', N'192.168.1.7:7011', NULL, CAST(N'2021-07-06T15:46:12.497' AS DateTime), N'Anno.Plugs.Logic', N'Platform', N'GetUsrFc', N'anno', CAST(9.00000 AS Decimal(18, 5)), 1)
GO
INSERT [dbo].[sys_trace] ([id], [GlobalTraceId], [TraceId], [PreTraceId], [AppNameTarget], [AppName], [TTL], [Request], [Response], [Ip], [Target], [UserId], [Timespan], [Askchannel], [Askrouter], [Askmethod], [Uname], [UseTimeMs], [Rlt]) VALUES (418694814531585, N'3d3b20d8-d3ff-4ee4-adf0-ed7bf45a29fe', N'875fbe86-1bba-4e28-a661-c452c323ac27', N'', N'ViperService-01', N'ApiGateway', 0, N'{"X-Original-For":"::1:52529","channel":"Anno.Plugs.Logic","router":"Platform","method":"GetFunc","profile":"wfzfGLtNOOPVE/UPxh4EH8PHSUh5fWpSVLiqUn/gmy5JuMmVv9GBqQ==","uname":"anno","t":"508","TraceId":"875fbe86-1bba-4e28-a661-c452c323ac27","PreTraceId":"","GlobalTraceId":"3d3b20d8-d3ff-4ee4-adf0-ed7bf45a29fe","AppName":"ApiGateway","Target":"192.168.1.7:7011","AppNameTarget":"ViperService-01","TTL":"0"}', NULL, N'::1:52529', N'192.168.1.7:7011', NULL, CAST(N'2021-07-06T15:46:12.513' AS DateTime), N'Anno.Plugs.Logic', N'Platform', N'GetFunc', N'anno', CAST(6.00000 AS Decimal(18, 5)), 1)
GO
INSERT [dbo].[sys_trace] ([id], [GlobalTraceId], [TraceId], [PreTraceId], [AppNameTarget], [AppName], [TTL], [Request], [Response], [Ip], [Target], [UserId], [Timespan], [Askchannel], [Askrouter], [Askmethod], [Uname], [UseTimeMs], [Rlt]) VALUES (418694814531586, N'010a7e2c-ce8e-40a5-83a9-660c50122b2a', N'837df24b-fa66-4c0e-8abe-a518556cb879', N'', N'ViperService-01', N'ApiGateway', 0, N'{"X-Original-For":"::1:52529","channel":"Anno.Plugs.Logic","router":"Report","method":"GetServiceReport","profile":"wfzfGLtNOOPVE/UPxh4EH8PHSUh5fWpSVLiqUn/gmy5JuMmVv9GBqQ==","uname":"anno","t":"790","TraceId":"837df24b-fa66-4c0e-8abe-a518556cb879","PreTraceId":"","GlobalTraceId":"010a7e2c-ce8e-40a5-83a9-660c50122b2a","AppName":"ApiGateway","Target":"192.168.1.7:7011","AppNameTarget":"ViperService-01","TTL":"0"}', NULL, N'::1:52529', N'192.168.1.7:7011', NULL, CAST(N'2021-07-06T15:46:12.797' AS DateTime), N'Anno.Plugs.Logic', N'Report', N'GetServiceReport', N'anno', CAST(6.00000 AS Decimal(18, 5)), 1)
GO
INSERT [dbo].[sys_trace] ([id], [GlobalTraceId], [TraceId], [PreTraceId], [AppNameTarget], [AppName], [TTL], [Request], [Response], [Ip], [Target], [UserId], [Timespan], [Askchannel], [Askrouter], [Askmethod], [Uname], [UseTimeMs], [Rlt]) VALUES (418694814531587, N'f0a09f33-4b4f-4a2a-8323-1cde6e0fa2ab', N'0723b830-ebb7-42d0-8060-e88313c17016', N'', N'ViperService-01', N'ApiGateway', 0, N'{"X-Original-For":"::1:57984","channel":"Anno.Plugs.Trace","router":"Router","method":"GetServiceInstances","profile":"wfzfGLtNOOPVE/UPxh4EH8PHSUh5fWpSVLiqUn/gmy5JuMmVv9GBqQ==","uname":"anno","t":"859","TraceId":"0723b830-ebb7-42d0-8060-e88313c17016","PreTraceId":"","GlobalTraceId":"f0a09f33-4b4f-4a2a-8323-1cde6e0fa2ab","AppName":"ApiGateway","Target":"192.168.1.7:7011","AppNameTarget":"ViperService-01","TTL":"0"}', NULL, N'::1:57984', N'192.168.1.7:7011', NULL, CAST(N'2021-07-06T15:46:15.863' AS DateTime), N'Anno.Plugs.Trace', N'Router', N'GetServiceInstances', N'anno', CAST(2.00000 AS Decimal(18, 5)), 1)
GO
INSERT [dbo].[sys_trace] ([id], [GlobalTraceId], [TraceId], [PreTraceId], [AppNameTarget], [AppName], [TTL], [Request], [Response], [Ip], [Target], [UserId], [Timespan], [Askchannel], [Askrouter], [Askmethod], [Uname], [UseTimeMs], [Rlt]) VALUES (418694896484352, N'16bfe398-60ad-4186-b0a5-5ef0f25077d1', N'a190dd2b-bdf7-4d5d-855c-9f7c35ec4c26', N'', N'ViperService-01', N'ApiGateway', 0, N'{"X-Original-For":"::1:57349","channel":"Anno.Plugs.Logic","router":"Platform","method":"GetUsrFc","profile":"wfzfGLtNOOPVE/UPxh4EH8PHSUh5fWpSVLiqUn/gmy5JuMmVv9GBqQ==","uname":"anno","t":"179","TraceId":"a190dd2b-bdf7-4d5d-855c-9f7c35ec4c26","PreTraceId":"","GlobalTraceId":"16bfe398-60ad-4186-b0a5-5ef0f25077d1","AppName":"ApiGateway","Target":"192.168.1.7:7011","AppNameTarget":"ViperService-01","TTL":"0"}', NULL, N'::1:57349', N'192.168.1.7:7011', NULL, CAST(N'2021-07-06T15:46:40.183' AS DateTime), N'Anno.Plugs.Logic', N'Platform', N'GetUsrFc', N'anno', CAST(3.00000 AS Decimal(18, 5)), 1)
GO
INSERT [dbo].[sys_trace] ([id], [GlobalTraceId], [TraceId], [PreTraceId], [AppNameTarget], [AppName], [TTL], [Request], [Response], [Ip], [Target], [UserId], [Timespan], [Askchannel], [Askrouter], [Askmethod], [Uname], [UseTimeMs], [Rlt]) VALUES (418694896484353, N'd09c6b36-dc6c-40f5-8a07-fe65896add34', N'30812b57-1860-4c2d-8dda-eb8f9a98ee82', N'', N'ViperService-01', N'ApiGateway', 0, N'{"X-Original-For":"::1:57349","channel":"Anno.Plugs.Logic","router":"Platform","method":"GetFunc","profile":"wfzfGLtNOOPVE/UPxh4EH8PHSUh5fWpSVLiqUn/gmy5JuMmVv9GBqQ==","uname":"anno","t":"189","TraceId":"30812b57-1860-4c2d-8dda-eb8f9a98ee82","PreTraceId":"","GlobalTraceId":"d09c6b36-dc6c-40f5-8a07-fe65896add34","AppName":"ApiGateway","Target":"192.168.1.7:7011","AppNameTarget":"ViperService-01","TTL":"0"}', NULL, N'::1:57349', N'192.168.1.7:7011', NULL, CAST(N'2021-07-06T15:46:40.190' AS DateTime), N'Anno.Plugs.Logic', N'Platform', N'GetFunc', N'anno', CAST(6.00000 AS Decimal(18, 5)), 1)
GO
INSERT [dbo].[sys_trace] ([id], [GlobalTraceId], [TraceId], [PreTraceId], [AppNameTarget], [AppName], [TTL], [Request], [Response], [Ip], [Target], [UserId], [Timespan], [Askchannel], [Askrouter], [Askmethod], [Uname], [UseTimeMs], [Rlt]) VALUES (418694896484354, N'fd1246f7-f6af-483e-a0b7-f76f4d34f789', N'93659e09-9197-4f01-86f7-a3c2717a7eec', N'', N'ViperService-01', N'ApiGateway', 0, N'{"X-Original-For":"::1:57349","channel":"Anno.Plugs.Logic","router":"Report","method":"GetServiceReport","profile":"wfzfGLtNOOPVE/UPxh4EH8PHSUh5fWpSVLiqUn/gmy5JuMmVv9GBqQ==","uname":"anno","t":"321","TraceId":"93659e09-9197-4f01-86f7-a3c2717a7eec","PreTraceId":"","GlobalTraceId":"fd1246f7-f6af-483e-a0b7-f76f4d34f789","AppName":"ApiGateway","Target":"192.168.1.7:7011","AppNameTarget":"ViperService-01","TTL":"0"}', NULL, N'::1:57349', N'192.168.1.7:7011', NULL, CAST(N'2021-07-06T15:46:40.323' AS DateTime), N'Anno.Plugs.Logic', N'Report', N'GetServiceReport', N'anno', CAST(2.00000 AS Decimal(18, 5)), 1)
GO
INSERT [dbo].[sys_trace] ([id], [GlobalTraceId], [TraceId], [PreTraceId], [AppNameTarget], [AppName], [TTL], [Request], [Response], [Ip], [Target], [UserId], [Timespan], [Askchannel], [Askrouter], [Askmethod], [Uname], [UseTimeMs], [Rlt]) VALUES (418694937460736, N'd57a07b8-157c-43d6-ae65-6b7e5357c3c6', N'bc6d668c-d6b9-48c3-b35b-3770c0fffb40', N'', N'ViperService-01', N'ApiGateway', 0, N'{"X-Original-For":"::1:57349","channel":"Anno.Plugs.Trace","router":"Router","method":"GetServiceInstances","profile":"wfzfGLtNOOPVE/UPxh4EH8PHSUh5fWpSVLiqUn/gmy5JuMmVv9GBqQ==","uname":"anno","t":"839","TraceId":"bc6d668c-d6b9-48c3-b35b-3770c0fffb40","PreTraceId":"","GlobalTraceId":"d57a07b8-157c-43d6-ae65-6b7e5357c3c6","AppName":"ApiGateway","Target":"192.168.1.7:7011","AppNameTarget":"ViperService-01","TTL":"0"}', NULL, N'::1:57349', N'192.168.1.7:7011', NULL, CAST(N'2021-07-06T15:46:44.843' AS DateTime), N'Anno.Plugs.Trace', N'Router', N'GetServiceInstances', N'anno', CAST(2.00000 AS Decimal(18, 5)), 1)
GO
INSERT [dbo].[sys_trace] ([id], [GlobalTraceId], [TraceId], [PreTraceId], [AppNameTarget], [AppName], [TTL], [Request], [Response], [Ip], [Target], [UserId], [Timespan], [Askchannel], [Askrouter], [Askmethod], [Uname], [UseTimeMs], [Rlt]) VALUES (418694937460737, N'935d7f6d-db23-4e98-87db-956283867c19', N'd4b89bb7-114b-4983-bd31-5262d7a5dab6', N'', N'ViperService-01', N'ApiGateway', 0, N'{"X-Original-For":"::1:59445","channel":"Anno.Plugs.Trace","router":"Router","method":"GetRoutingInfo","profile":"wfzfGLtNOOPVE/UPxh4EH8PHSUh5fWpSVLiqUn/gmy5JuMmVv9GBqQ==","uname":"anno","appName":"HelloWorld","t":"895","TraceId":"d4b89bb7-114b-4983-bd31-5262d7a5dab6","PreTraceId":"","GlobalTraceId":"935d7f6d-db23-4e98-87db-956283867c19","AppName":"ApiGateway","Target":"192.168.1.7:7011","AppNameTarget":"ViperService-01","TTL":"0"}', NULL, N'::1:59445', N'192.168.1.7:7011', NULL, CAST(N'2021-07-06T15:46:49.897' AS DateTime), N'Anno.Plugs.Trace', N'Router', N'GetRoutingInfo', N'anno', CAST(3.00000 AS Decimal(18, 5)), 1)
GO
INSERT [dbo].[sys_trace] ([id], [GlobalTraceId], [TraceId], [PreTraceId], [AppNameTarget], [AppName], [TTL], [Request], [Response], [Ip], [Target], [UserId], [Timespan], [Askchannel], [Askrouter], [Askmethod], [Uname], [UseTimeMs], [Rlt]) VALUES (418694978408448, N'10a6bcb6-e995-4e5b-8885-7b90c9303216', N'a342543e-b4b3-49a6-bc1a-1a37ea0f895f', N'', N'ViperService-01', N'ApiGateway', 0, N'{"X-Original-For":"::1:49387","channel":"Anno.Plugs.Trace","router":"Router","method":"GetRoutingInfo","profile":"wfzfGLtNOOPVE/UPxh4EH8PHSUh5fWpSVLiqUn/gmy5JuMmVv9GBqQ==","uname":"anno","appName":"HelloWorld","t":"212","TraceId":"a342543e-b4b3-49a6-bc1a-1a37ea0f895f","PreTraceId":"","GlobalTraceId":"10a6bcb6-e995-4e5b-8885-7b90c9303216","AppName":"ApiGateway","Target":"192.168.1.7:7011","AppNameTarget":"ViperService-01","TTL":"0"}', NULL, N'::1:49387', N'192.168.1.7:7011', NULL, CAST(N'2021-07-06T15:46:52.220' AS DateTime), N'Anno.Plugs.Trace', N'Router', N'GetRoutingInfo', N'anno', CAST(10.00000 AS Decimal(18, 5)), 1)
GO
INSERT [dbo].[sys_trace] ([id], [GlobalTraceId], [TraceId], [PreTraceId], [AppNameTarget], [AppName], [TTL], [Request], [Response], [Ip], [Target], [UserId], [Timespan], [Askchannel], [Askrouter], [Askmethod], [Uname], [UseTimeMs], [Rlt]) VALUES (418694978408449, N'b22db9ba-20b1-4890-8f56-68f404c72b0e', N'9d6e7d33-ac06-44cb-a19a-f60df135325f', N'', N'ViperService-01', N'ApiGateway', 0, N'{"X-Original-For":"::1:49387","channel":"Anno.Plugs.Trace","router":"Router","method":"GetRoutingInfo","profile":"wfzfGLtNOOPVE/UPxh4EH8PHSUh5fWpSVLiqUn/gmy5JuMmVv9GBqQ==","uname":"anno","appName":"HelloWorld","t":"802","TraceId":"9d6e7d33-ac06-44cb-a19a-f60df135325f","PreTraceId":"","GlobalTraceId":"b22db9ba-20b1-4890-8f56-68f404c72b0e","AppName":"ApiGateway","Target":"192.168.1.7:7011","AppNameTarget":"ViperService-01","TTL":"0"}', NULL, N'::1:49387', N'192.168.1.7:7011', NULL, CAST(N'2021-07-06T15:46:52.803' AS DateTime), N'Anno.Plugs.Trace', N'Router', N'GetRoutingInfo', N'anno', CAST(2.00000 AS Decimal(18, 5)), 1)
GO
INSERT [dbo].[sys_trace] ([id], [GlobalTraceId], [TraceId], [PreTraceId], [AppNameTarget], [AppName], [TTL], [Request], [Response], [Ip], [Target], [UserId], [Timespan], [Askchannel], [Askrouter], [Askmethod], [Uname], [UseTimeMs], [Rlt]) VALUES (418694978408450, N'c3d5185b-68f4-4a85-ba21-9716b5076889', N'2eaefc12-9446-4d97-8f59-049df1d0e935', N'', N'ViperService-01', N'ApiGateway', 0, N'{"X-Original-For":"::1:49387","channel":"Anno.Plugs.Trace","router":"Router","method":"GetRoutingInfo","profile":"wfzfGLtNOOPVE/UPxh4EH8PHSUh5fWpSVLiqUn/gmy5JuMmVv9GBqQ==","uname":"anno","appName":"HelloWorld","t":"78","TraceId":"2eaefc12-9446-4d97-8f59-049df1d0e935","PreTraceId":"","GlobalTraceId":"c3d5185b-68f4-4a85-ba21-9716b5076889","AppName":"ApiGateway","Target":"192.168.1.7:7011","AppNameTarget":"ViperService-01","TTL":"0"}', NULL, N'::1:49387', N'192.168.1.7:7011', NULL, CAST(N'2021-07-06T15:46:53.083' AS DateTime), N'Anno.Plugs.Trace', N'Router', N'GetRoutingInfo', N'anno', CAST(14.00000 AS Decimal(18, 5)), 1)
GO
INSERT [dbo].[sys_trace] ([id], [GlobalTraceId], [TraceId], [PreTraceId], [AppNameTarget], [AppName], [TTL], [Request], [Response], [Ip], [Target], [UserId], [Timespan], [Askchannel], [Askrouter], [Askmethod], [Uname], [UseTimeMs], [Rlt]) VALUES (418694978408451, N'bfe42f1c-568f-4782-99ff-e986d081ea4a', N'18c82d38-5125-475c-8262-160dfd27d1cd', N'', N'ViperService-01', N'ApiGateway', 0, N'{"X-Original-For":"::1:49387","channel":"Anno.Plugs.Trace","router":"Router","method":"GetRoutingInfo","profile":"wfzfGLtNOOPVE/UPxh4EH8PHSUh5fWpSVLiqUn/gmy5JuMmVv9GBqQ==","uname":"anno","appName":"HelloWorld","t":"253","TraceId":"18c82d38-5125-475c-8262-160dfd27d1cd","PreTraceId":"","GlobalTraceId":"bfe42f1c-568f-4782-99ff-e986d081ea4a","AppName":"ApiGateway","Target":"192.168.1.7:7011","AppNameTarget":"ViperService-01","TTL":"0"}', NULL, N'::1:49387', N'192.168.1.7:7011', NULL, CAST(N'2021-07-06T15:46:53.253' AS DateTime), N'Anno.Plugs.Trace', N'Router', N'GetRoutingInfo', N'anno', CAST(2.00000 AS Decimal(18, 5)), 1)
GO
INSERT [dbo].[sys_trace] ([id], [GlobalTraceId], [TraceId], [PreTraceId], [AppNameTarget], [AppName], [TTL], [Request], [Response], [Ip], [Target], [UserId], [Timespan], [Askchannel], [Askrouter], [Askmethod], [Uname], [UseTimeMs], [Rlt]) VALUES (418695019339776, N'e431f350-6c70-44ff-9f61-d894a1b6ffb3', N'26f00cc5-5774-4e33-a744-d6ad36774000', N'', N'ViperService-01', N'ApiGateway', 0, N'{"X-Original-For":"::1:49776","channel":"Anno.Plugs.Logic","router":"Platform","method":"PCenter","profile":"wfzfGLtNOOPVE/UPxh4EH8PHSUh5fWpSVLiqUn/gmy5JuMmVv9GBqQ==","uname":"anno","t":"824","TraceId":"26f00cc5-5774-4e33-a744-d6ad36774000","PreTraceId":"","GlobalTraceId":"e431f350-6c70-44ff-9f61-d894a1b6ffb3","AppName":"ApiGateway","Target":"192.168.1.7:7011","AppNameTarget":"ViperService-01","TTL":"0"}', NULL, N'::1:49776', N'192.168.1.7:7011', NULL, CAST(N'2021-07-06T15:47:02.827' AS DateTime), N'Anno.Plugs.Logic', N'Platform', N'PCenter', N'anno', CAST(5.00000 AS Decimal(18, 5)), 1)
GO
INSERT [dbo].[sys_trace] ([id], [GlobalTraceId], [TraceId], [PreTraceId], [AppNameTarget], [AppName], [TTL], [Request], [Response], [Ip], [Target], [UserId], [Timespan], [Askchannel], [Askrouter], [Askmethod], [Uname], [UseTimeMs], [Rlt]) VALUES (418695019339777, N'0e097757-4308-4b7a-9c0a-1483cd3b516b', N'85e31c58-6719-406b-bfc1-e2bd1f5172d4', N'', N'ViperService-01', N'ApiGateway', 0, N'{"X-Original-For":"::1:64522","channel":"Anno.Plugs.Logic","router":"Platform","method":"GetcurRoles","profile":"wfzfGLtNOOPVE/UPxh4EH8PHSUh5fWpSVLiqUn/gmy5JuMmVv9GBqQ==","uname":"anno","uid":"210527169232896","t":"825","TraceId":"85e31c58-6719-406b-bfc1-e2bd1f5172d4","PreTraceId":"","GlobalTraceId":"0e097757-4308-4b7a-9c0a-1483cd3b516b","AppName":"ApiGateway","Target":"192.168.1.7:7011","AppNameTarget":"ViperService-01","TTL":"0"}', NULL, N'::1:64522', N'192.168.1.7:7011', NULL, CAST(N'2021-07-06T15:47:02.827' AS DateTime), N'Anno.Plugs.Logic', N'Platform', N'GetcurRoles', N'anno', CAST(11.00000 AS Decimal(18, 5)), 1)
GO
INSERT [dbo].[sys_trace] ([id], [GlobalTraceId], [TraceId], [PreTraceId], [AppNameTarget], [AppName], [TTL], [Request], [Response], [Ip], [Target], [UserId], [Timespan], [Askchannel], [Askrouter], [Askmethod], [Uname], [UseTimeMs], [Rlt]) VALUES (418695060295680, N'82b1ec68-e6e5-4dcb-bff7-9bcf1c59862f', N'36642b5e-bd10-449f-941c-c16904abdc52', N'', N'ViperService-01', N'ApiGateway', 0, N'{"X-Original-For":"::1:61321","channel":"Anno.Plugs.Logic","router":"Platform","method":"GetAllsys_member","profile":"wfzfGLtNOOPVE/UPxh4EH8PHSUh5fWpSVLiqUn/gmy5JuMmVv9GBqQ==","uname":"anno","where":"{ \\"rules\\": [{ \\"field\\": \\"account\\", \\"op\\": \\"like\\", \\"value\\": \\"\\", \\"type\\": \\"string\\" }], \\"op\\": \\"and\\" }","page":"1","pagesize":"20","t":"951","TraceId":"36642b5e-bd10-449f-941c-c16904abdc52","PreTraceId":"","GlobalTraceId":"82b1ec68-e6e5-4dcb-bff7-9bcf1c59862f","AppName":"ApiGateway","Target":"192.168.1.7:7011","AppNameTarget":"ViperService-01","TTL":"0"}', NULL, N'::1:61321', N'192.168.1.7:7011', NULL, CAST(N'2021-07-06T15:47:17.953' AS DateTime), N'Anno.Plugs.Logic', N'Platform', N'GetAllsys_member', N'anno', CAST(7.00000 AS Decimal(18, 5)), 1)
GO
INSERT [dbo].[sys_trace] ([id], [GlobalTraceId], [TraceId], [PreTraceId], [AppNameTarget], [AppName], [TTL], [Request], [Response], [Ip], [Target], [UserId], [Timespan], [Askchannel], [Askrouter], [Askmethod], [Uname], [UseTimeMs], [Rlt]) VALUES (418695183187968, N'e7e4b2cf-afff-418a-a127-6b401d4413f0', N'9f56ca46-2405-4ed6-ad13-b593cebc5749', N'', N'ViperService-01', N'ApiGateway', 0, N'{"X-Original-For":"::1:61440","channel":"Anno.Plugs.Trace","router":"Router","method":"GetServiceInstances","profile":"wfzfGLtNOOPVE/UPxh4EH8PHSUh5fWpSVLiqUn/gmy5JuMmVv9GBqQ==","uname":"anno","t":"208","TraceId":"9f56ca46-2405-4ed6-ad13-b593cebc5749","PreTraceId":"","GlobalTraceId":"e7e4b2cf-afff-418a-a127-6b401d4413f0","AppName":"ApiGateway","Target":"192.168.1.7:7011","AppNameTarget":"ViperService-01","TTL":"0"}', NULL, N'::1:61440', N'192.168.1.7:7011', NULL, CAST(N'2021-07-06T15:47:42.220' AS DateTime), N'Anno.Plugs.Trace', N'Router', N'GetServiceInstances', N'anno', CAST(6.00000 AS Decimal(18, 5)), 1)
GO
INSERT [dbo].[sys_trace] ([id], [GlobalTraceId], [TraceId], [PreTraceId], [AppNameTarget], [AppName], [TTL], [Request], [Response], [Ip], [Target], [UserId], [Timespan], [Askchannel], [Askrouter], [Askmethod], [Uname], [UseTimeMs], [Rlt]) VALUES (418695183187969, N'63a2b99f-b588-418c-ab57-857e2390f218', N'37a5d67e-f944-47fd-9258-5066a05c56a9', N'', N'ViperService-01', N'ApiGateway', 0, N'{"X-Original-For":"::1:52980","channel":"Anno.Plugs.Logic","router":"Platform","method":"Login","profile":"wfzfGLtNOOPVE/UPxh4EH8PHSUh5fWpSVLiqUn/gmy5JuMmVv9GBqQ==","uname":"anno","account":"anno","pwd":"123456","t":"645","TraceId":"37a5d67e-f944-47fd-9258-5066a05c56a9","PreTraceId":"","GlobalTraceId":"63a2b99f-b588-418c-ab57-857e2390f218","AppName":"ApiGateway","Target":"192.168.1.7:7011","AppNameTarget":"ViperService-01","TTL":"0"}', NULL, N'::1:52980', N'192.168.1.7:7011', NULL, CAST(N'2021-07-06T15:47:45.653' AS DateTime), N'Anno.Plugs.Logic', N'Platform', N'Login', N'anno', CAST(31.00000 AS Decimal(18, 5)), 1)
GO
INSERT [dbo].[sys_trace] ([id], [GlobalTraceId], [TraceId], [PreTraceId], [AppNameTarget], [AppName], [TTL], [Request], [Response], [Ip], [Target], [UserId], [Timespan], [Askchannel], [Askrouter], [Askmethod], [Uname], [UseTimeMs], [Rlt]) VALUES (418695183187970, N'dd2e61a0-db4a-4b72-94a5-2ea845cb446e', N'2feae997-0efd-430e-99f4-395601d3a959', N'', N'ViperService-01', N'ApiGateway', 0, N'{"X-Original-For":"::1:52980","channel":"Anno.Plugs.Logic","router":"Platform","method":"GetUsrFc","profile":"wfzfGLtNOOPVE/UPxh4EH8PHSUh5fWpSVLiqUn/gmy5ZmEjM+RoqKQ==","uname":"anno","t":"767","TraceId":"2feae997-0efd-430e-99f4-395601d3a959","PreTraceId":"","GlobalTraceId":"dd2e61a0-db4a-4b72-94a5-2ea845cb446e","AppName":"ApiGateway","Target":"192.168.1.7:7011","AppNameTarget":"ViperService-01","TTL":"0"}', NULL, N'::1:52980', N'192.168.1.7:7011', NULL, CAST(N'2021-07-06T15:47:45.770' AS DateTime), N'Anno.Plugs.Logic', N'Platform', N'GetUsrFc', N'anno', CAST(3.00000 AS Decimal(18, 5)), 1)
GO
INSERT [dbo].[sys_trace] ([id], [GlobalTraceId], [TraceId], [PreTraceId], [AppNameTarget], [AppName], [TTL], [Request], [Response], [Ip], [Target], [UserId], [Timespan], [Askchannel], [Askrouter], [Askmethod], [Uname], [UseTimeMs], [Rlt]) VALUES (418695183187971, N'9f21f04c-91c3-4703-a253-416c0720d9e8', N'e351c73f-2d07-488f-9e04-14160dea8819', N'', N'ViperService-01', N'ApiGateway', 0, N'{"X-Original-For":"::1:52980","channel":"Anno.Plugs.Logic","router":"Platform","method":"GetFunc","profile":"wfzfGLtNOOPVE/UPxh4EH8PHSUh5fWpSVLiqUn/gmy5ZmEjM+RoqKQ==","uname":"anno","t":"773","TraceId":"e351c73f-2d07-488f-9e04-14160dea8819","PreTraceId":"","GlobalTraceId":"9f21f04c-91c3-4703-a253-416c0720d9e8","AppName":"ApiGateway","Target":"192.168.1.7:7011","AppNameTarget":"ViperService-01","TTL":"0"}', NULL, N'::1:52980', N'192.168.1.7:7011', NULL, CAST(N'2021-07-06T15:47:45.777' AS DateTime), N'Anno.Plugs.Logic', N'Platform', N'GetFunc', N'anno', CAST(3.00000 AS Decimal(18, 5)), 1)
GO
INSERT [dbo].[sys_trace] ([id], [GlobalTraceId], [TraceId], [PreTraceId], [AppNameTarget], [AppName], [TTL], [Request], [Response], [Ip], [Target], [UserId], [Timespan], [Askchannel], [Askrouter], [Askmethod], [Uname], [UseTimeMs], [Rlt]) VALUES (418695183187972, N'56dd0cfa-6bee-4913-a59b-6d671784a508', N'bc2a9d50-1e6b-41eb-a936-0271f507ab0e', N'', N'ViperService-01', N'ApiGateway', 0, N'{"X-Original-For":"::1:52980","channel":"Anno.Plugs.Logic","router":"Report","method":"GetServiceReport","profile":"wfzfGLtNOOPVE/UPxh4EH8PHSUh5fWpSVLiqUn/gmy5ZmEjM+RoqKQ==","uname":"anno","t":"889","TraceId":"bc2a9d50-1e6b-41eb-a936-0271f507ab0e","PreTraceId":"","GlobalTraceId":"56dd0cfa-6bee-4913-a59b-6d671784a508","AppName":"ApiGateway","Target":"192.168.1.7:7011","AppNameTarget":"ViperService-01","TTL":"0"}', NULL, N'::1:52980', N'192.168.1.7:7011', NULL, CAST(N'2021-07-06T15:47:45.890' AS DateTime), N'Anno.Plugs.Logic', N'Report', N'GetServiceReport', N'anno', CAST(3.00000 AS Decimal(18, 5)), 1)
GO
INSERT [dbo].[sys_trace] ([id], [GlobalTraceId], [TraceId], [PreTraceId], [AppNameTarget], [AppName], [TTL], [Request], [Response], [Ip], [Target], [UserId], [Timespan], [Askchannel], [Askrouter], [Askmethod], [Uname], [UseTimeMs], [Rlt]) VALUES (418695183187973, N'bd96304c-bb0b-4443-9d98-a5c5582d5d9c', N'239e5288-bb15-4ff3-8184-f29218dbc1d2', N'', N'ViperService-01', N'ApiGateway', 0, N'{"X-Original-For":"::1:52980","channel":"Anno.Plugs.Trace","router":"Router","method":"GetServiceInstances","profile":"wfzfGLtNOOPVE/UPxh4EH8PHSUh5fWpSVLiqUn/gmy5ZmEjM+RoqKQ==","uname":"anno","t":"548","TraceId":"239e5288-bb15-4ff3-8184-f29218dbc1d2","PreTraceId":"","GlobalTraceId":"bd96304c-bb0b-4443-9d98-a5c5582d5d9c","AppName":"ApiGateway","Target":"192.168.1.7:7011","AppNameTarget":"ViperService-01","TTL":"0"}', NULL, N'::1:52980', N'192.168.1.7:7011', NULL, CAST(N'2021-07-06T15:47:48.553' AS DateTime), N'Anno.Plugs.Trace', N'Router', N'GetServiceInstances', N'anno', CAST(2.00000 AS Decimal(18, 5)), 1)
GO
INSERT [dbo].[sys_trace] ([id], [GlobalTraceId], [TraceId], [PreTraceId], [AppNameTarget], [AppName], [TTL], [Request], [Response], [Ip], [Target], [UserId], [Timespan], [Askchannel], [Askrouter], [Askmethod], [Uname], [UseTimeMs], [Rlt]) VALUES (418695265189888, N'b5db9801-0eae-4044-9dfd-a832f310d98c', N'722e2910-5540-49f0-b7c1-1775b408f355', N'', N'ViperService-01', N'ApiGateway', 0, N'{"X-Original-For":"::1:62132","channel":"Anno.Plugs.Logic","router":"Report","method":"GetServiceReport","profile":"wfzfGLtNOOPVE/UPxh4EH8PHSUh5fWpSVLiqUn/gmy5ZmEjM+RoqKQ==","uname":"anno","t":"966","TraceId":"722e2910-5540-49f0-b7c1-1775b408f355","PreTraceId":"","GlobalTraceId":"b5db9801-0eae-4044-9dfd-a832f310d98c","AppName":"ApiGateway","Target":"192.168.1.7:7011","AppNameTarget":"ViperService-01","TTL":"0"}', NULL, N'::1:62132', N'192.168.1.7:7011', NULL, CAST(N'2021-07-06T15:48:00.970' AS DateTime), N'Anno.Plugs.Logic', N'Report', N'GetServiceReport', N'anno', CAST(3.00000 AS Decimal(18, 5)), 1)
GO
INSERT [dbo].[sys_trace] ([id], [GlobalTraceId], [TraceId], [PreTraceId], [AppNameTarget], [AppName], [TTL], [Request], [Response], [Ip], [Target], [UserId], [Timespan], [Askchannel], [Askrouter], [Askmethod], [Uname], [UseTimeMs], [Rlt]) VALUES (418695347023872, N'892b6edf-cea9-4925-85c3-c94c44d65f6b', N'97b92901-736d-4828-8f02-381f92edd361', N'', N'ViperService-01', N'ApiGateway', 0, N'{"X-Original-For":"::1:54209","channel":"Anno.Plugs.Logic","router":"Report","method":"GetServiceReport","profile":"wfzfGLtNOOPVE/UPxh4EH8PHSUh5fWpSVLiqUn/gmy5ZmEjM+RoqKQ==","uname":"anno","t":"572","TraceId":"97b92901-736d-4828-8f02-381f92edd361","PreTraceId":"","GlobalTraceId":"892b6edf-cea9-4925-85c3-c94c44d65f6b","AppName":"ApiGateway","Target":"192.168.1.7:7011","AppNameTarget":"ViperService-01","TTL":"0"}', NULL, N'::1:54209', N'192.168.1.7:7011', NULL, CAST(N'2021-07-06T15:48:21.580' AS DateTime), N'Anno.Plugs.Logic', N'Report', N'GetServiceReport', N'anno', CAST(6.00000 AS Decimal(18, 5)), 1)
GO
INSERT [dbo].[sys_trace] ([id], [GlobalTraceId], [TraceId], [PreTraceId], [AppNameTarget], [AppName], [TTL], [Request], [Response], [Ip], [Target], [UserId], [Timespan], [Askchannel], [Askrouter], [Askmethod], [Uname], [UseTimeMs], [Rlt]) VALUES (418695347023873, N'b931bae9-a43c-4f8a-8472-bad6f8c788ff', N'acda584c-4d61-4e18-a918-e2ac7dced8b2', N'', N'ViperService-01', N'ApiGateway', 0, N'{"X-Original-For":"::1:52315","channel":"Anno.Plugs.Trace","router":"Router","method":"GetServiceInstances","profile":"wfzfGLtNOOPVE/UPxh4EH8PHSUh5fWpSVLiqUn/gmy5ZmEjM+RoqKQ==","uname":"anno","t":"9","TraceId":"acda584c-4d61-4e18-a918-e2ac7dced8b2","PreTraceId":"","GlobalTraceId":"b931bae9-a43c-4f8a-8472-bad6f8c788ff","AppName":"ApiGateway","Target":"192.168.1.7:7011","AppNameTarget":"ViperService-01","TTL":"0"}', NULL, N'::1:52315', N'192.168.1.7:7011', NULL, CAST(N'2021-07-06T15:48:26.017' AS DateTime), N'Anno.Plugs.Trace', N'Router', N'GetServiceInstances', N'anno', CAST(6.00000 AS Decimal(18, 5)), 1)
GO
INSERT [dbo].[sys_trace] ([id], [GlobalTraceId], [TraceId], [PreTraceId], [AppNameTarget], [AppName], [TTL], [Request], [Response], [Ip], [Target], [UserId], [Timespan], [Askchannel], [Askrouter], [Askmethod], [Uname], [UseTimeMs], [Rlt]) VALUES (418695347023874, N'a324a298-9ae2-4060-abf8-bc092d30a6ad', N'ee2de369-000e-40dd-b6cf-67da99fa29a5', N'', N'ViperService-01', N'ApiGateway', 0, N'{"X-Original-For":"::1:52315","channel":"Anno.Plugs.Logic","router":"Report","method":"GetServiceReport","profile":"wfzfGLtNOOPVE/UPxh4EH8PHSUh5fWpSVLiqUn/gmy5ZmEjM+RoqKQ==","uname":"anno","t":"617","TraceId":"ee2de369-000e-40dd-b6cf-67da99fa29a5","PreTraceId":"","GlobalTraceId":"a324a298-9ae2-4060-abf8-bc092d30a6ad","AppName":"ApiGateway","Target":"192.168.1.7:7011","AppNameTarget":"ViperService-01","TTL":"0"}', NULL, N'::1:52315', N'192.168.1.7:7011', NULL, CAST(N'2021-07-06T15:48:29.620' AS DateTime), N'Anno.Plugs.Logic', N'Report', N'GetServiceReport', N'anno', CAST(3.00000 AS Decimal(18, 5)), 1)
GO
INSERT [dbo].[sys_trace] ([id], [GlobalTraceId], [TraceId], [PreTraceId], [AppNameTarget], [AppName], [TTL], [Request], [Response], [Ip], [Target], [UserId], [Timespan], [Askchannel], [Askrouter], [Askmethod], [Uname], [UseTimeMs], [Rlt]) VALUES (418695428935680, N'a9a77a51-7aec-4979-9c29-3492eb18c516', N'16923f54-1c93-456d-b94b-5c6dacc742b1', N'', N'ViperService-01', N'ApiGateway', 0, N'{"X-Original-For":"::1:59643","channel":"Anno.Plugs.Trace","router":"Router","method":"GetRoutingInfo","profile":"wfzfGLtNOOPVE/UPxh4EH8PHSUh5fWpSVLiqUn/gmy5ZmEjM+RoqKQ==","uname":"anno","appName":"HelloWorld","t":"601","TraceId":"16923f54-1c93-456d-b94b-5c6dacc742b1","PreTraceId":"","GlobalTraceId":"a9a77a51-7aec-4979-9c29-3492eb18c516","AppName":"ApiGateway","Target":"192.168.1.7:7011","AppNameTarget":"ViperService-01","TTL":"0"}', NULL, N'::1:59643', N'192.168.1.7:7011', NULL, CAST(N'2021-07-06T15:48:40.607' AS DateTime), N'Anno.Plugs.Trace', N'Router', N'GetRoutingInfo', N'anno', CAST(43.00000 AS Decimal(18, 5)), 1)
GO
INSERT [dbo].[sys_trace] ([id], [GlobalTraceId], [TraceId], [PreTraceId], [AppNameTarget], [AppName], [TTL], [Request], [Response], [Ip], [Target], [UserId], [Timespan], [Askchannel], [Askrouter], [Askmethod], [Uname], [UseTimeMs], [Rlt]) VALUES (418695428935681, N'38345a55-5cb5-430f-9d36-3158676f79e5', N'5207b9db-1ff1-4742-987a-58f853e82ea3', N'', N'ViperService-01', N'ApiGateway', 0, N'{"X-Original-For":"::1:63684","channel":"Anno.Plugs.Trace","router":"Router","method":"GetRoutingInfo","profile":"wfzfGLtNOOPVE/UPxh4EH8PHSUh5fWpSVLiqUn/gmy5ZmEjM+RoqKQ==","uname":"anno","appName":"","t":"792","TraceId":"5207b9db-1ff1-4742-987a-58f853e82ea3","PreTraceId":"","GlobalTraceId":"38345a55-5cb5-430f-9d36-3158676f79e5","AppName":"ApiGateway","Target":"192.168.1.7:7011","AppNameTarget":"ViperService-01","TTL":"0"}', NULL, N'::1:63684', N'192.168.1.7:7011', NULL, CAST(N'2021-07-06T15:48:46.800' AS DateTime), N'Anno.Plugs.Trace', N'Router', N'GetRoutingInfo', N'anno', CAST(9.00000 AS Decimal(18, 5)), 1)
GO
INSERT [dbo].[sys_trace] ([id], [GlobalTraceId], [TraceId], [PreTraceId], [AppNameTarget], [AppName], [TTL], [Request], [Response], [Ip], [Target], [UserId], [Timespan], [Askchannel], [Askrouter], [Askmethod], [Uname], [UseTimeMs], [Rlt]) VALUES (418696002416640, N'a7070023-4983-40ad-9a07-f6cdd85205c8', N'4f7538cc-3ca0-4f18-bb07-c1d5e1665d31', N'', N'ViperService-01', N'ApiGateway', 0, N'{"X-Original-For":"::1:56439","channel":"Anno.Plugs.Logic","router":"Platform","method":"GetUsrFc","profile":"wfzfGLtNOOPVE/UPxh4EH8PHSUh5fWpSVLiqUn/gmy5ZmEjM+RoqKQ==","uname":"anno","t":"740","TraceId":"4f7538cc-3ca0-4f18-bb07-c1d5e1665d31","PreTraceId":"","GlobalTraceId":"a7070023-4983-40ad-9a07-f6cdd85205c8","AppName":"ApiGateway","Target":"192.168.1.7:7011","AppNameTarget":"ViperService-01","TTL":"0"}', NULL, N'::1:56439', N'192.168.1.7:7011', NULL, CAST(N'2021-07-06T15:51:04.743' AS DateTime), N'Anno.Plugs.Logic', N'Platform', N'GetUsrFc', N'anno', CAST(4.00000 AS Decimal(18, 5)), 1)
GO
INSERT [dbo].[sys_trace] ([id], [GlobalTraceId], [TraceId], [PreTraceId], [AppNameTarget], [AppName], [TTL], [Request], [Response], [Ip], [Target], [UserId], [Timespan], [Askchannel], [Askrouter], [Askmethod], [Uname], [UseTimeMs], [Rlt]) VALUES (418696002416641, N'1b0eb00e-57b8-4b48-bf42-db8ddffb5866', N'776fa504-a7a0-4633-83d7-9d0c4db50bfa', N'', N'ViperService-01', N'ApiGateway', 0, N'{"X-Original-For":"::1:56439","channel":"Anno.Plugs.Logic","router":"Platform","method":"GetFunc","profile":"wfzfGLtNOOPVE/UPxh4EH8PHSUh5fWpSVLiqUn/gmy5ZmEjM+RoqKQ==","uname":"anno","t":"749","TraceId":"776fa504-a7a0-4633-83d7-9d0c4db50bfa","PreTraceId":"","GlobalTraceId":"1b0eb00e-57b8-4b48-bf42-db8ddffb5866","AppName":"ApiGateway","Target":"192.168.1.7:7011","AppNameTarget":"ViperService-01","TTL":"0"}', NULL, N'::1:56439', N'192.168.1.7:7011', NULL, CAST(N'2021-07-06T15:51:04.750' AS DateTime), N'Anno.Plugs.Logic', N'Platform', N'GetFunc', N'anno', CAST(4.00000 AS Decimal(18, 5)), 1)
GO
INSERT [dbo].[sys_trace] ([id], [GlobalTraceId], [TraceId], [PreTraceId], [AppNameTarget], [AppName], [TTL], [Request], [Response], [Ip], [Target], [UserId], [Timespan], [Askchannel], [Askrouter], [Askmethod], [Uname], [UseTimeMs], [Rlt]) VALUES (418696002416642, N'fbc88e24-678e-46ba-b98f-ce81bacb14e6', N'1e246afe-ed36-4b66-8db1-1103c325c4d5', N'', N'ViperService-01', N'ApiGateway', 0, N'{"X-Original-For":"::1:56439","channel":"Anno.Plugs.Logic","router":"Report","method":"GetServiceReport","profile":"wfzfGLtNOOPVE/UPxh4EH8PHSUh5fWpSVLiqUn/gmy5ZmEjM+RoqKQ==","uname":"anno","t":"877","TraceId":"1e246afe-ed36-4b66-8db1-1103c325c4d5","PreTraceId":"","GlobalTraceId":"fbc88e24-678e-46ba-b98f-ce81bacb14e6","AppName":"ApiGateway","Target":"192.168.1.7:7011","AppNameTarget":"ViperService-01","TTL":"0"}', NULL, N'::1:56439', N'192.168.1.7:7011', NULL, CAST(N'2021-07-06T15:51:04.880' AS DateTime), N'Anno.Plugs.Logic', N'Report', N'GetServiceReport', N'anno', CAST(3.00000 AS Decimal(18, 5)), 1)
GO
INSERT [dbo].[sys_trace] ([id], [GlobalTraceId], [TraceId], [PreTraceId], [AppNameTarget], [AppName], [TTL], [Request], [Response], [Ip], [Target], [UserId], [Timespan], [Askchannel], [Askrouter], [Askmethod], [Uname], [UseTimeMs], [Rlt]) VALUES (418696002416643, N'2624928a-5821-4b18-b392-b1e9ecaae747', N'd52ec027-fc5e-431d-8bca-8a38b13ee76c', N'', N'ViperService-01', N'ApiGateway', 0, N'{"X-Original-For":"::1:58309","channel":"Anno.Plugs.Trace","router":"Router","method":"GetServiceInstances","profile":"wfzfGLtNOOPVE/UPxh4EH8PHSUh5fWpSVLiqUn/gmy5ZmEjM+RoqKQ==","uname":"anno","t":"767","TraceId":"d52ec027-fc5e-431d-8bca-8a38b13ee76c","PreTraceId":"","GlobalTraceId":"2624928a-5821-4b18-b392-b1e9ecaae747","AppName":"ApiGateway","Target":"192.168.1.7:7011","AppNameTarget":"ViperService-01","TTL":"0"}', NULL, N'::1:58309', N'192.168.1.7:7011', NULL, CAST(N'2021-07-06T15:51:07.770' AS DateTime), N'Anno.Plugs.Trace', N'Router', N'GetServiceInstances', N'anno', CAST(2.00000 AS Decimal(18, 5)), 1)
GO
INSERT [dbo].[sys_trace] ([id], [GlobalTraceId], [TraceId], [PreTraceId], [AppNameTarget], [AppName], [TTL], [Request], [Response], [Ip], [Target], [UserId], [Timespan], [Askchannel], [Askrouter], [Askmethod], [Uname], [UseTimeMs], [Rlt]) VALUES (418696002416644, N'a7017096-299a-4d41-9185-263c045693d5', N'391daf0a-baf7-407e-a303-5538db42a651', N'', N'ViperService-01', N'ApiGateway', 0, N'{"X-Original-For":"::1:62828","channel":"Anno.Plugs.Trace","router":"Router","method":"GetRoutingInfo","profile":"wfzfGLtNOOPVE/UPxh4EH8PHSUh5fWpSVLiqUn/gmy5ZmEjM+RoqKQ==","uname":"anno","appName":"HelloWorld","t":"56","TraceId":"391daf0a-baf7-407e-a303-5538db42a651","PreTraceId":"","GlobalTraceId":"a7017096-299a-4d41-9185-263c045693d5","AppName":"ApiGateway","Target":"192.168.1.7:7011","AppNameTarget":"ViperService-01","TTL":"0"}', NULL, N'::1:62828', N'192.168.1.7:7011', NULL, CAST(N'2021-07-06T15:51:10.067' AS DateTime), N'Anno.Plugs.Trace', N'Router', N'GetRoutingInfo', N'anno', CAST(14.00000 AS Decimal(18, 5)), 1)
GO
INSERT [dbo].[sys_trace] ([id], [GlobalTraceId], [TraceId], [PreTraceId], [AppNameTarget], [AppName], [TTL], [Request], [Response], [Ip], [Target], [UserId], [Timespan], [Askchannel], [Askrouter], [Askmethod], [Uname], [UseTimeMs], [Rlt]) VALUES (418696084299776, N'3f4998e4-b688-4c42-ab65-43ba6b6a7d3b', N'bac4c856-abba-49ca-972a-c17434b9870c', N'', N'HelloWorld', N'ApiGateway', 0, N'{"X-Original-For":"::1:51294","channel":"Anno.Plugs.HelloWorld","router":"HelloWorldViper","method":"BuyProduct","profile":"wfzfGLtNOOPVE/UPxh4EH8PHSUh5fWpSVLiqUn/gmy5ZmEjM+RoqKQ==","uname":"anno","productName":"","number":"","t":"307","TraceId":"bac4c856-abba-49ca-972a-c17434b9870c","PreTraceId":"","GlobalTraceId":"3f4998e4-b688-4c42-ab65-43ba6b6a7d3b","AppName":"ApiGateway","Target":"192.168.1.7:7012","AppNameTarget":"HelloWorld","TTL":"0"}', N'{"Status":false,"Msg":"Input string was not in a correct format.","Output":{},"OutputData":null}', N'::1:51294', N'192.168.1.7:7012', NULL, CAST(N'2021-07-06T15:51:28.310' AS DateTime), N'Anno.Plugs.HelloWorld', N'HelloWorldViper', N'BuyProduct', N'anno', CAST(84.00000 AS Decimal(18, 5)), 0)
GO
INSERT [dbo].[sys_trace] ([id], [GlobalTraceId], [TraceId], [PreTraceId], [AppNameTarget], [AppName], [TTL], [Request], [Response], [Ip], [Target], [UserId], [Timespan], [Askchannel], [Askrouter], [Askmethod], [Uname], [UseTimeMs], [Rlt]) VALUES (418696166191104, N'cc671188-8376-4540-b07e-872270f25ee7', N'ebd7e03d-6cc1-4dd7-8ff9-3b40ce060b5b', N'', N'HelloWorld', N'ApiGateway', 0, N'{"X-Original-For":"::1:61447","channel":"Anno.Plugs.HelloWorld","router":"HelloWorldViper","method":"BuyProduct","profile":"wfzfGLtNOOPVE/UPxh4EH8PHSUh5fWpSVLiqUn/gmy5ZmEjM+RoqKQ==","uname":"anno","productName":"3213","number":"32321","t":"45","TraceId":"ebd7e03d-6cc1-4dd7-8ff9-3b40ce060b5b","PreTraceId":"","GlobalTraceId":"cc671188-8376-4540-b07e-872270f25ee7","AppName":"ApiGateway","Target":"192.168.1.7:7012","AppNameTarget":"HelloWorld","TTL":"0"}', NULL, N'::1:61447', N'192.168.1.7:7012', NULL, CAST(N'2021-07-06T15:51:41.047' AS DateTime), N'Anno.Plugs.HelloWorld', N'HelloWorldViper', N'BuyProduct', N'anno', CAST(20.00000 AS Decimal(18, 5)), 1)
GO
INSERT [dbo].[sys_trace] ([id], [GlobalTraceId], [TraceId], [PreTraceId], [AppNameTarget], [AppName], [TTL], [Request], [Response], [Ip], [Target], [UserId], [Timespan], [Askchannel], [Askrouter], [Askmethod], [Uname], [UseTimeMs], [Rlt]) VALUES (418696166457344, N'cc671188-8376-4540-b07e-872270f25ee7', N'07437f0b-a309-41ee-8efc-d2c5c61aa56f', N'ebd7e03d-6cc1-4dd7-8ff9-3b40ce060b5b', N'HelloWorld', N'HelloWorld', 1, N'{"productName":"3213","number":"32321","TraceId":"07437f0b-a309-41ee-8efc-d2c5c61aa56f","PreTraceId":"ebd7e03d-6cc1-4dd7-8ff9-3b40ce060b5b","TTL":"1","GlobalTraceId":"cc671188-8376-4540-b07e-872270f25ee7","channel":"Anno.Plugs.SoEasy","router":"AnnoSoEasy","method":"BuyProduct","AppName":"HelloWorld","Target":"192.168.1.7:7012","AppNameTarget":"HelloWorld"}', NULL, NULL, N'192.168.1.7:7012', NULL, CAST(N'2021-07-06T15:51:41.053' AS DateTime), N'Anno.Plugs.SoEasy', N'AnnoSoEasy', N'BuyProduct', NULL, CAST(8.00000 AS Decimal(18, 5)), 1)
GO
INSERT [dbo].[sys_trace] ([id], [GlobalTraceId], [TraceId], [PreTraceId], [AppNameTarget], [AppName], [TTL], [Request], [Response], [Ip], [Target], [UserId], [Timespan], [Askchannel], [Askrouter], [Askmethod], [Uname], [UseTimeMs], [Rlt]) VALUES (418697190227968, N'9887102b-6f5c-4772-9894-0d8e53e18907', N'd1e9d831-a9f6-43d3-b4d9-5f2f1a0f31ed', N'', N'ViperService-01', N'ApiGateway', 0, N'{"X-Original-For":"::1:56495","channel":"Anno.Plugs.Trace","router":"Router","method":"GetServiceInstances","profile":"wfzfGLtNOOPVE/UPxh4EH8PHSUh5fWpSVLiqUn/gmy5ZmEjM+RoqKQ==","uname":"anno","t":"941","TraceId":"d1e9d831-a9f6-43d3-b4d9-5f2f1a0f31ed","PreTraceId":"","GlobalTraceId":"9887102b-6f5c-4772-9894-0d8e53e18907","AppName":"ApiGateway","Target":"192.168.1.7:7011","AppNameTarget":"ViperService-01","TTL":"0"}', NULL, N'::1:56495', N'192.168.1.7:7011', NULL, CAST(N'2021-07-06T15:55:55.947' AS DateTime), N'Anno.Plugs.Trace', N'Router', N'GetServiceInstances', N'anno', CAST(2.00000 AS Decimal(18, 5)), 1)
GO
INSERT [dbo].[sys_trace] ([id], [GlobalTraceId], [TraceId], [PreTraceId], [AppNameTarget], [AppName], [TTL], [Request], [Response], [Ip], [Target], [UserId], [Timespan], [Askchannel], [Askrouter], [Askmethod], [Uname], [UseTimeMs], [Rlt]) VALUES (418697190227969, N'0a0fcf4c-73f1-42b4-aeb6-285e5f2d3056', N'd34875bf-6126-450e-b282-e60897872813', N'', N'ViperService-01', N'ApiGateway', 0, N'{"X-Original-For":"::1:50537","channel":"Anno.Plugs.Trace","router":"Router","method":"GetRoutingInfo","profile":"wfzfGLtNOOPVE/UPxh4EH8PHSUh5fWpSVLiqUn/gmy5ZmEjM+RoqKQ==","uname":"anno","appName":"ViperService-01","t":"997","TraceId":"d34875bf-6126-450e-b282-e60897872813","PreTraceId":"","GlobalTraceId":"0a0fcf4c-73f1-42b4-aeb6-285e5f2d3056","AppName":"ApiGateway","Target":"192.168.1.7:7011","AppNameTarget":"ViperService-01","TTL":"0"}', NULL, N'::1:50537', N'192.168.1.7:7011', NULL, CAST(N'2021-07-06T15:55:58.000' AS DateTime), N'Anno.Plugs.Trace', N'Router', N'GetRoutingInfo', N'anno', CAST(4.00000 AS Decimal(18, 5)), 1)
GO
INSERT [dbo].[sys_trace] ([id], [GlobalTraceId], [TraceId], [PreTraceId], [AppNameTarget], [AppName], [TTL], [Request], [Response], [Ip], [Target], [UserId], [Timespan], [Askchannel], [Askrouter], [Askmethod], [Uname], [UseTimeMs], [Rlt]) VALUES (418697272152064, N'495d1ac7-e882-4558-aef9-fc0ed8ca97d1', N'fbb5b167-7d57-49a4-9d66-c7fd07d72642', N'', N'ViperService-01', N'ApiGateway', 0, N'{"X-Original-For":"::1:63781","channel":"Anno.Plugs.Trace","router":"Router","method":"GetServiceInstances","profile":"wfzfGLtNOOPVE/UPxh4EH8PHSUh5fWpSVLiqUn/gmy5ZmEjM+RoqKQ==","uname":"anno","t":"678","TraceId":"fbb5b167-7d57-49a4-9d66-c7fd07d72642","PreTraceId":"","GlobalTraceId":"495d1ac7-e882-4558-aef9-fc0ed8ca97d1","AppName":"ApiGateway","Target":"192.168.1.7:7011","AppNameTarget":"ViperService-01","TTL":"0"}', NULL, N'::1:63781', N'192.168.1.7:7011', NULL, CAST(N'2021-07-06T15:56:10.683' AS DateTime), N'Anno.Plugs.Trace', N'Router', N'GetServiceInstances', N'anno', CAST(2.00000 AS Decimal(18, 5)), 1)
GO
INSERT [dbo].[sys_trace] ([id], [GlobalTraceId], [TraceId], [PreTraceId], [AppNameTarget], [AppName], [TTL], [Request], [Response], [Ip], [Target], [UserId], [Timespan], [Askchannel], [Askrouter], [Askmethod], [Uname], [UseTimeMs], [Rlt]) VALUES (418697272152065, N'18c61c0f-c0bf-4c82-bdf6-07a61882d097', N'0603d238-0e4d-4eea-bd90-4d53b0e55bc2', N'', N'ViperService-01', N'ApiGateway', 0, N'{"X-Original-For":"::1:63781","channel":"Anno.Plugs.Trace","router":"Router","method":"GetRoutingInfo","profile":"wfzfGLtNOOPVE/UPxh4EH8PHSUh5fWpSVLiqUn/gmy5ZmEjM+RoqKQ==","uname":"anno","appName":"HelloWorld","t":"592","TraceId":"0603d238-0e4d-4eea-bd90-4d53b0e55bc2","PreTraceId":"","GlobalTraceId":"18c61c0f-c0bf-4c82-bdf6-07a61882d097","AppName":"ApiGateway","Target":"192.168.1.7:7011","AppNameTarget":"ViperService-01","TTL":"0"}', NULL, N'::1:63781', N'192.168.1.7:7011', NULL, CAST(N'2021-07-06T15:56:12.597' AS DateTime), N'Anno.Plugs.Trace', N'Router', N'GetRoutingInfo', N'anno', CAST(4.00000 AS Decimal(18, 5)), 1)
GO
INSERT [dbo].[sys_trace] ([id], [GlobalTraceId], [TraceId], [PreTraceId], [AppNameTarget], [AppName], [TTL], [Request], [Response], [Ip], [Target], [UserId], [Timespan], [Askchannel], [Askrouter], [Askmethod], [Uname], [UseTimeMs], [Rlt]) VALUES (418703661932544, N'9c1b4f90-aaee-41e9-bcd7-70be18863ade', N'a9c7caad-1316-45f7-a889-2b7423becfe2', N'', N'ViperService-01', N'ApiGateway', 0, N'{"X-Original-For":"::1:57449","channel":"Anno.Plugs.Logic","router":"Platform","method":"GetUsrFc","profile":"wfzfGLtNOOPVE/UPxh4EH8PHSUh5fWpSVLiqUn/gmy5ZmEjM+RoqKQ==","uname":"anno","t":"838","TraceId":"a9c7caad-1316-45f7-a889-2b7423becfe2","PreTraceId":"","GlobalTraceId":"9c1b4f90-aaee-41e9-bcd7-70be18863ade","AppName":"ApiGateway","Target":"192.168.1.7:7011","AppNameTarget":"ViperService-01","TTL":"0"}', NULL, N'::1:57449', N'192.168.1.7:7011', NULL, CAST(N'2021-07-06T16:22:16.843' AS DateTime), N'Anno.Plugs.Logic', N'Platform', N'GetUsrFc', N'anno', CAST(12.00000 AS Decimal(18, 5)), 1)
GO
INSERT [dbo].[sys_trace] ([id], [GlobalTraceId], [TraceId], [PreTraceId], [AppNameTarget], [AppName], [TTL], [Request], [Response], [Ip], [Target], [UserId], [Timespan], [Askchannel], [Askrouter], [Askmethod], [Uname], [UseTimeMs], [Rlt]) VALUES (418703661932545, N'30c69fb6-90e4-4d45-b133-1b951366f9ba', N'b9ddee2c-9b75-41a3-9e07-2f01c25fb5cb', N'', N'ViperService-01', N'ApiGateway', 0, N'{"X-Original-For":"::1:57449","channel":"Anno.Plugs.Logic","router":"Platform","method":"GetFunc","profile":"wfzfGLtNOOPVE/UPxh4EH8PHSUh5fWpSVLiqUn/gmy5ZmEjM+RoqKQ==","uname":"anno","t":"856","TraceId":"b9ddee2c-9b75-41a3-9e07-2f01c25fb5cb","PreTraceId":"","GlobalTraceId":"30c69fb6-90e4-4d45-b133-1b951366f9ba","AppName":"ApiGateway","Target":"192.168.1.7:7011","AppNameTarget":"ViperService-01","TTL":"0"}', NULL, N'::1:57449', N'192.168.1.7:7011', NULL, CAST(N'2021-07-06T16:22:16.857' AS DateTime), N'Anno.Plugs.Logic', N'Platform', N'GetFunc', N'anno', CAST(4.00000 AS Decimal(18, 5)), 1)
GO
INSERT [dbo].[sys_trace] ([id], [GlobalTraceId], [TraceId], [PreTraceId], [AppNameTarget], [AppName], [TTL], [Request], [Response], [Ip], [Target], [UserId], [Timespan], [Askchannel], [Askrouter], [Askmethod], [Uname], [UseTimeMs], [Rlt]) VALUES (418703661932546, N'a15355cb-a686-4ace-8060-44ba298efd69', N'3832c312-2930-42bf-89e8-08b61a31c21c', N'', N'ViperService-01', N'ApiGateway', 0, N'{"X-Original-For":"::1:57449","channel":"Anno.Plugs.Logic","router":"Report","method":"GetServiceReport","profile":"wfzfGLtNOOPVE/UPxh4EH8PHSUh5fWpSVLiqUn/gmy5ZmEjM+RoqKQ==","uname":"anno","t":"74","TraceId":"3832c312-2930-42bf-89e8-08b61a31c21c","PreTraceId":"","GlobalTraceId":"a15355cb-a686-4ace-8060-44ba298efd69","AppName":"ApiGateway","Target":"192.168.1.7:7011","AppNameTarget":"ViperService-01","TTL":"0"}', NULL, N'::1:57449', N'192.168.1.7:7011', NULL, CAST(N'2021-07-06T16:22:17.077' AS DateTime), N'Anno.Plugs.Logic', N'Report', N'GetServiceReport', N'anno', CAST(4.00000 AS Decimal(18, 5)), 1)
GO
INSERT [dbo].[sys_trace] ([id], [GlobalTraceId], [TraceId], [PreTraceId], [AppNameTarget], [AppName], [TTL], [Request], [Response], [Ip], [Target], [UserId], [Timespan], [Askchannel], [Askrouter], [Askmethod], [Uname], [UseTimeMs], [Rlt]) VALUES (418703661932547, N'72787bcb-6c8e-4d7b-ae83-ed38de19f25b', N'a45452e1-6975-406c-98b3-ce912650abc3', N'', N'ViperService-01', N'ApiGateway', 0, N'{"X-Original-For":"::1:57449","channel":"Anno.Plugs.Trace","router":"Router","method":"GetServiceInstances","profile":"wfzfGLtNOOPVE/UPxh4EH8PHSUh5fWpSVLiqUn/gmy5ZmEjM+RoqKQ==","uname":"anno","t":"184","TraceId":"a45452e1-6975-406c-98b3-ce912650abc3","PreTraceId":"","GlobalTraceId":"72787bcb-6c8e-4d7b-ae83-ed38de19f25b","AppName":"ApiGateway","Target":"192.168.1.7:7011","AppNameTarget":"ViperService-01","TTL":"0"}', NULL, N'::1:57449', N'192.168.1.7:7011', NULL, CAST(N'2021-07-06T16:22:19.187' AS DateTime), N'Anno.Plugs.Trace', N'Router', N'GetServiceInstances', N'anno', CAST(2.00000 AS Decimal(18, 5)), 1)
GO
INSERT [dbo].[sys_trace] ([id], [GlobalTraceId], [TraceId], [PreTraceId], [AppNameTarget], [AppName], [TTL], [Request], [Response], [Ip], [Target], [UserId], [Timespan], [Askchannel], [Askrouter], [Askmethod], [Uname], [UseTimeMs], [Rlt]) VALUES (418703702851584, N'c1be5566-47a3-498e-b3de-e7b0773ad373', N'5707e90c-2e02-483d-a8be-45edda2f7d48', N'', N'ViperService-01', N'ApiGateway', 0, N'{"X-Original-For":"::1:57449","channel":"Anno.Plugs.Logic","router":"Report","method":"GetServiceReport","profile":"wfzfGLtNOOPVE/UPxh4EH8PHSUh5fWpSVLiqUn/gmy5ZmEjM+RoqKQ==","uname":"anno","t":"313","TraceId":"5707e90c-2e02-483d-a8be-45edda2f7d48","PreTraceId":"","GlobalTraceId":"c1be5566-47a3-498e-b3de-e7b0773ad373","AppName":"ApiGateway","Target":"192.168.1.7:7011","AppNameTarget":"ViperService-01","TTL":"0"}', NULL, N'::1:57449', N'192.168.1.7:7011', NULL, CAST(N'2021-07-06T16:22:23.320' AS DateTime), N'Anno.Plugs.Logic', N'Report', N'GetServiceReport', N'anno', CAST(10.00000 AS Decimal(18, 5)), 1)
GO
INSERT [dbo].[sys_trace] ([id], [GlobalTraceId], [TraceId], [PreTraceId], [AppNameTarget], [AppName], [TTL], [Request], [Response], [Ip], [Target], [UserId], [Timespan], [Askchannel], [Askrouter], [Askmethod], [Uname], [UseTimeMs], [Rlt]) VALUES (418703825760256, N'3033fcb6-b0b2-4ca6-a612-0f59ece86812', N'28ae1c51-ca01-4a15-9a56-6363c5a47548', N'', N'ViperService-01', N'ApiGateway', 0, N'{"X-Original-For":"::1:51379","channel":"Anno.Plugs.Logic","router":"Report","method":"GetServiceReport","profile":"wfzfGLtNOOPVE/UPxh4EH8PHSUh5fWpSVLiqUn/gmy5ZmEjM+RoqKQ==","uname":"anno","t":"751","TraceId":"28ae1c51-ca01-4a15-9a56-6363c5a47548","PreTraceId":"","GlobalTraceId":"3033fcb6-b0b2-4ca6-a612-0f59ece86812","AppName":"ApiGateway","Target":"192.168.1.7:7011","AppNameTarget":"ViperService-01","TTL":"0"}', NULL, N'::1:51379', N'192.168.1.7:7011', NULL, CAST(N'2021-07-06T16:22:50.757' AS DateTime), N'Anno.Plugs.Logic', N'Report', N'GetServiceReport', N'anno', CAST(3.00000 AS Decimal(18, 5)), 1)
GO
INSERT [dbo].[sys_trace] ([id], [GlobalTraceId], [TraceId], [PreTraceId], [AppNameTarget], [AppName], [TTL], [Request], [Response], [Ip], [Target], [UserId], [Timespan], [Askchannel], [Askrouter], [Askmethod], [Uname], [UseTimeMs], [Rlt]) VALUES (418704644935680, N'b80db22f-bbf6-4b5c-801d-003717f09b19', N'4b219849-a11d-4c20-957d-c73967c51d44', N'', N'ViperService-01', N'ApiGateway', 0, N'{"X-Original-For":"::1:60597","channel":"Anno.Plugs.Logic","router":"Platform","method":"GetUsrFc","profile":"wfzfGLtNOOPVE/UPxh4EH8PHSUh5fWpSVLiqUn/gmy5ZmEjM+RoqKQ==","uname":"anno","t":"887","TraceId":"4b219849-a11d-4c20-957d-c73967c51d44","PreTraceId":"","GlobalTraceId":"b80db22f-bbf6-4b5c-801d-003717f09b19","AppName":"ApiGateway","Target":"192.168.1.7:7011","AppNameTarget":"ViperService-01","TTL":"0"}', NULL, N'::1:60597', N'192.168.1.7:7011', NULL, CAST(N'2021-07-06T16:26:15.890' AS DateTime), N'Anno.Plugs.Logic', N'Platform', N'GetUsrFc', N'anno', CAST(4.00000 AS Decimal(18, 5)), 1)
GO
INSERT [dbo].[sys_trace] ([id], [GlobalTraceId], [TraceId], [PreTraceId], [AppNameTarget], [AppName], [TTL], [Request], [Response], [Ip], [Target], [UserId], [Timespan], [Askchannel], [Askrouter], [Askmethod], [Uname], [UseTimeMs], [Rlt]) VALUES (418704644935681, N'41f4cc9a-84b4-4d82-83ec-87d3500c8c69', N'e25ee500-6293-4bae-aa57-723e12ab678a', N'', N'ViperService-01', N'ApiGateway', 0, N'{"X-Original-For":"::1:60597","channel":"Anno.Plugs.Logic","router":"Platform","method":"GetFunc","profile":"wfzfGLtNOOPVE/UPxh4EH8PHSUh5fWpSVLiqUn/gmy5ZmEjM+RoqKQ==","uname":"anno","t":"895","TraceId":"e25ee500-6293-4bae-aa57-723e12ab678a","PreTraceId":"","GlobalTraceId":"41f4cc9a-84b4-4d82-83ec-87d3500c8c69","AppName":"ApiGateway","Target":"192.168.1.7:7011","AppNameTarget":"ViperService-01","TTL":"0"}', NULL, N'::1:60597', N'192.168.1.7:7011', NULL, CAST(N'2021-07-06T16:26:15.897' AS DateTime), N'Anno.Plugs.Logic', N'Platform', N'GetFunc', N'anno', CAST(3.00000 AS Decimal(18, 5)), 1)
GO
INSERT [dbo].[sys_trace] ([id], [GlobalTraceId], [TraceId], [PreTraceId], [AppNameTarget], [AppName], [TTL], [Request], [Response], [Ip], [Target], [UserId], [Timespan], [Askchannel], [Askrouter], [Askmethod], [Uname], [UseTimeMs], [Rlt]) VALUES (418704644935682, N'093a2fc1-bb28-44e2-b076-9f5854a9bee7', N'cc215a7d-91ea-42f3-8802-6a53127af2cb', N'', N'ViperService-01', N'ApiGateway', 0, N'{"X-Original-For":"::1:64667","channel":"Anno.Plugs.Logic","router":"Report","method":"GetServiceReport","profile":"wfzfGLtNOOPVE/UPxh4EH8PHSUh5fWpSVLiqUn/gmy5ZmEjM+RoqKQ==","uname":"anno","t":"12","TraceId":"cc215a7d-91ea-42f3-8802-6a53127af2cb","PreTraceId":"","GlobalTraceId":"093a2fc1-bb28-44e2-b076-9f5854a9bee7","AppName":"ApiGateway","Target":"192.168.1.7:7011","AppNameTarget":"ViperService-01","TTL":"0"}', NULL, N'::1:64667', N'192.168.1.7:7011', NULL, CAST(N'2021-07-06T16:26:16.017' AS DateTime), N'Anno.Plugs.Logic', N'Report', N'GetServiceReport', N'anno', CAST(4.00000 AS Decimal(18, 5)), 1)
GO
INSERT [dbo].[sys_trace] ([id], [GlobalTraceId], [TraceId], [PreTraceId], [AppNameTarget], [AppName], [TTL], [Request], [Response], [Ip], [Target], [UserId], [Timespan], [Askchannel], [Askrouter], [Askmethod], [Uname], [UseTimeMs], [Rlt]) VALUES (418704726896640, N'071da93c-1c30-424c-b897-cc181f90fe64', N'cee36280-a714-4d43-8d3c-c29d3a93eab6', N'', N'ViperService-01', N'ApiGateway', 0, N'{"X-Original-For":"::1:62731","channel":"Anno.Plugs.Trace","router":"Router","method":"GetServiceInstances","profile":"wfzfGLtNOOPVE/UPxh4EH8PHSUh5fWpSVLiqUn/gmy5ZmEjM+RoqKQ==","uname":"anno","t":"79","TraceId":"cee36280-a714-4d43-8d3c-c29d3a93eab6","PreTraceId":"","GlobalTraceId":"071da93c-1c30-424c-b897-cc181f90fe64","AppName":"ApiGateway","Target":"192.168.1.7:7011","AppNameTarget":"ViperService-01","TTL":"0"}', NULL, N'::1:62731', N'192.168.1.7:7011', NULL, CAST(N'2021-07-06T16:26:32.083' AS DateTime), N'Anno.Plugs.Trace', N'Router', N'GetServiceInstances', N'anno', CAST(3.00000 AS Decimal(18, 5)), 1)
GO
INSERT [dbo].[sys_trace] ([id], [GlobalTraceId], [TraceId], [PreTraceId], [AppNameTarget], [AppName], [TTL], [Request], [Response], [Ip], [Target], [UserId], [Timespan], [Askchannel], [Askrouter], [Askmethod], [Uname], [UseTimeMs], [Rlt]) VALUES (418707102666752, N'461f6b9d-220c-4bba-a6c3-c994111a3039', N'ba5dc6c4-a817-4b4f-aa23-397ff58ed534', N'', N'ViperService-01', N'ApiGateway', 0, N'{"X-Original-For":"::1:63650","channel":"Anno.Plugs.Logic","router":"Platform","method":"GetUsrFc","profile":"wfzfGLtNOOPVE/UPxh4EH8PHSUh5fWpSVLiqUn/gmy5ZmEjM+RoqKQ==","uname":"anno","t":"674","TraceId":"ba5dc6c4-a817-4b4f-aa23-397ff58ed534","PreTraceId":"","GlobalTraceId":"461f6b9d-220c-4bba-a6c3-c994111a3039","AppName":"ApiGateway","Target":"192.168.1.7:7011","AppNameTarget":"ViperService-01","TTL":"0"}', NULL, N'::1:63650', N'192.168.1.7:7011', NULL, CAST(N'2021-07-06T16:36:10.713' AS DateTime), N'Anno.Plugs.Logic', N'Platform', N'GetUsrFc', N'anno', CAST(15.00000 AS Decimal(18, 5)), 1)
GO
INSERT [dbo].[sys_trace] ([id], [GlobalTraceId], [TraceId], [PreTraceId], [AppNameTarget], [AppName], [TTL], [Request], [Response], [Ip], [Target], [UserId], [Timespan], [Askchannel], [Askrouter], [Askmethod], [Uname], [UseTimeMs], [Rlt]) VALUES (418707102666753, N'92680e08-b2a9-411b-831e-0253c6158cb7', N'e990c99e-b240-4c7f-af7d-422f629aa345', N'', N'ViperService-01', N'ApiGateway', 0, N'{"X-Original-For":"::1:63650","channel":"Anno.Plugs.Logic","router":"Platform","method":"GetFunc","profile":"wfzfGLtNOOPVE/UPxh4EH8PHSUh5fWpSVLiqUn/gmy5ZmEjM+RoqKQ==","uname":"anno","t":"835","TraceId":"e990c99e-b240-4c7f-af7d-422f629aa345","PreTraceId":"","GlobalTraceId":"92680e08-b2a9-411b-831e-0253c6158cb7","AppName":"ApiGateway","Target":"192.168.1.7:7011","AppNameTarget":"ViperService-01","TTL":"0"}', NULL, N'::1:63650', N'192.168.1.7:7011', NULL, CAST(N'2021-07-06T16:36:10.837' AS DateTime), N'Anno.Plugs.Logic', N'Platform', N'GetFunc', N'anno', CAST(4.00000 AS Decimal(18, 5)), 1)
GO
INSERT [dbo].[sys_trace] ([id], [GlobalTraceId], [TraceId], [PreTraceId], [AppNameTarget], [AppName], [TTL], [Request], [Response], [Ip], [Target], [UserId], [Timespan], [Askchannel], [Askrouter], [Askmethod], [Uname], [UseTimeMs], [Rlt]) VALUES (418707102666754, N'6b86de16-8f0b-41a2-b709-048d06ea3ac8', N'c5e68977-9cc9-46fb-84b0-56362f8cba4e', N'', N'ViperService-01', N'ApiGateway', 0, N'{"X-Original-For":"::1:63650","channel":"Anno.Plugs.Logic","router":"Report","method":"GetServiceReport","profile":"wfzfGLtNOOPVE/UPxh4EH8PHSUh5fWpSVLiqUn/gmy5ZmEjM+RoqKQ==","uname":"anno","t":"57","TraceId":"c5e68977-9cc9-46fb-84b0-56362f8cba4e","PreTraceId":"","GlobalTraceId":"6b86de16-8f0b-41a2-b709-048d06ea3ac8","AppName":"ApiGateway","Target":"192.168.1.7:7011","AppNameTarget":"ViperService-01","TTL":"0"}', NULL, N'::1:63650', N'192.168.1.7:7011', NULL, CAST(N'2021-07-06T16:36:11.060' AS DateTime), N'Anno.Plugs.Logic', N'Report', N'GetServiceReport', N'anno', CAST(4.00000 AS Decimal(18, 5)), 1)
GO
INSERT [dbo].[sys_trace] ([id], [GlobalTraceId], [TraceId], [PreTraceId], [AppNameTarget], [AppName], [TTL], [Request], [Response], [Ip], [Target], [UserId], [Timespan], [Askchannel], [Askrouter], [Askmethod], [Uname], [UseTimeMs], [Rlt]) VALUES (418707430694912, N'2fc46d1c-64ca-47cc-b518-d4149359f642', N'318603a8-b063-4485-a2b7-d05c3b70396c', N'', N'ViperService-01', N'ApiGateway', 0, N'{"X-Original-For":"::1:53978","channel":"Anno.Plugs.Logic","router":"Platform","method":"GetUsrFc","profile":"wfzfGLtNOOPVE/UPxh4EH8PHSUh5fWpSVLiqUn/gmy5ZmEjM+RoqKQ==","uname":"anno","t":"913","TraceId":"318603a8-b063-4485-a2b7-d05c3b70396c","PreTraceId":"","GlobalTraceId":"2fc46d1c-64ca-47cc-b518-d4149359f642","AppName":"ApiGateway","Target":"192.168.1.7:7011","AppNameTarget":"ViperService-01","TTL":"0"}', NULL, N'::1:53978', N'192.168.1.7:7011', NULL, CAST(N'2021-07-06T16:37:38.937' AS DateTime), N'Anno.Plugs.Logic', N'Platform', N'GetUsrFc', N'anno', CAST(7.00000 AS Decimal(18, 5)), 1)
GO
INSERT [dbo].[sys_trace] ([id], [GlobalTraceId], [TraceId], [PreTraceId], [AppNameTarget], [AppName], [TTL], [Request], [Response], [Ip], [Target], [UserId], [Timespan], [Askchannel], [Askrouter], [Askmethod], [Uname], [UseTimeMs], [Rlt]) VALUES (418707430694913, N'0c653840-2a0b-4642-9231-60d2c2c0aab6', N'c66f600d-c0c9-4fe9-b9bc-bc62a58dd0ca', N'', N'ViperService-01', N'ApiGateway', 0, N'{"X-Original-For":"::1:53978","channel":"Anno.Plugs.Logic","router":"Platform","method":"GetFunc","profile":"wfzfGLtNOOPVE/UPxh4EH8PHSUh5fWpSVLiqUn/gmy5ZmEjM+RoqKQ==","uname":"anno","t":"63","TraceId":"c66f600d-c0c9-4fe9-b9bc-bc62a58dd0ca","PreTraceId":"","GlobalTraceId":"0c653840-2a0b-4642-9231-60d2c2c0aab6","AppName":"ApiGateway","Target":"192.168.1.7:7011","AppNameTarget":"ViperService-01","TTL":"0"}', NULL, N'::1:53978', N'192.168.1.7:7011', NULL, CAST(N'2021-07-06T16:37:39.107' AS DateTime), N'Anno.Plugs.Logic', N'Platform', N'GetFunc', N'anno', CAST(5.00000 AS Decimal(18, 5)), 1)
GO
INSERT [dbo].[sys_trace] ([id], [GlobalTraceId], [TraceId], [PreTraceId], [AppNameTarget], [AppName], [TTL], [Request], [Response], [Ip], [Target], [UserId], [Timespan], [Askchannel], [Askrouter], [Askmethod], [Uname], [UseTimeMs], [Rlt]) VALUES (418707430694914, N'eaa72de0-5ffb-4ae0-b3c5-56fe1e43f30e', N'668b8cf9-c3c8-449a-b02c-0b37121bc339', N'', N'ViperService-01', N'ApiGateway', 0, N'{"X-Original-For":"::1:53978","channel":"Anno.Plugs.Logic","router":"Report","method":"GetServiceReport","profile":"wfzfGLtNOOPVE/UPxh4EH8PHSUh5fWpSVLiqUn/gmy5ZmEjM+RoqKQ==","uname":"anno","t":"278","TraceId":"668b8cf9-c3c8-449a-b02c-0b37121bc339","PreTraceId":"","GlobalTraceId":"eaa72de0-5ffb-4ae0-b3c5-56fe1e43f30e","AppName":"ApiGateway","Target":"192.168.1.7:7011","AppNameTarget":"ViperService-01","TTL":"0"}', NULL, N'::1:53978', N'192.168.1.7:7011', NULL, CAST(N'2021-07-06T16:37:39.280' AS DateTime), N'Anno.Plugs.Logic', N'Report', N'GetServiceReport', N'anno', CAST(3.00000 AS Decimal(18, 5)), 1)
GO
INSERT [dbo].[sys_trace] ([id], [GlobalTraceId], [TraceId], [PreTraceId], [AppNameTarget], [AppName], [TTL], [Request], [Response], [Ip], [Target], [UserId], [Timespan], [Askchannel], [Askrouter], [Askmethod], [Uname], [UseTimeMs], [Rlt]) VALUES (418707471200256, N'5bc507ed-1f09-40b9-a059-5526241fe38c', N'902eab56-0d06-4644-ae00-08517c7ada4d', N'', N'ViperService-01', N'ApiGateway', 0, N'{"X-Original-For":"::1:55364","channel":"Anno.Plugs.Trace","router":"Router","method":"GetServiceInstances","profile":"wfzfGLtNOOPVE/UPxh4EH8PHSUh5fWpSVLiqUn/gmy5ZmEjM+RoqKQ==","uname":"anno","t":"94","TraceId":"902eab56-0d06-4644-ae00-08517c7ada4d","PreTraceId":"","GlobalTraceId":"5bc507ed-1f09-40b9-a059-5526241fe38c","AppName":"ApiGateway","Target":"192.168.1.7:7011","AppNameTarget":"ViperService-01","TTL":"0"}', NULL, N'::1:55364', N'192.168.1.7:7011', NULL, CAST(N'2021-07-06T16:37:47.097' AS DateTime), N'Anno.Plugs.Trace', N'Router', N'GetServiceInstances', N'anno', CAST(2.00000 AS Decimal(18, 5)), 1)
GO
INSERT [dbo].[sys_trace] ([id], [GlobalTraceId], [TraceId], [PreTraceId], [AppNameTarget], [AppName], [TTL], [Request], [Response], [Ip], [Target], [UserId], [Timespan], [Askchannel], [Askrouter], [Askmethod], [Uname], [UseTimeMs], [Rlt]) VALUES (419022536523776, N'9424b0c4-3a40-4c93-bd48-b877cd944c5b', N'40796e18-ac35-4f84-82ce-e618debfb959', N'', N'ViperService-01', N'ApiGateway', 0, N'{"X-Original-For":"::1:49336","channel":"Anno.Plugs.Logic","router":"Platform","method":"Get_all_power","profile":"wfzfGLtNOOPVE/UPxh4EH8PHSUh5fWpSVLiqUn/gmy5ZmEjM+RoqKQ==","uname":"anno","t":"995","TraceId":"40796e18-ac35-4f84-82ce-e618debfb959","PreTraceId":"","GlobalTraceId":"9424b0c4-3a40-4c93-bd48-b877cd944c5b","AppName":"ApiGateway","Target":"192.168.1.7:7011","AppNameTarget":"ViperService-01","TTL":"0"}', NULL, N'::1:49336', N'192.168.1.7:7011', NULL, CAST(N'2021-07-07T13:59:43.000' AS DateTime), N'Anno.Plugs.Logic', N'Platform', N'Get_all_power', N'anno', CAST(21.00000 AS Decimal(18, 5)), 1)
GO
INSERT [dbo].[sys_trace] ([id], [GlobalTraceId], [TraceId], [PreTraceId], [AppNameTarget], [AppName], [TTL], [Request], [Response], [Ip], [Target], [UserId], [Timespan], [Askchannel], [Askrouter], [Askmethod], [Uname], [UseTimeMs], [Rlt]) VALUES (419022618464256, N'79ee2b23-5034-4038-bb55-2372caf3d5e7', N'9490e7b3-efeb-4972-8d5c-9ec107f69913', N'', N'ViperService-01', N'ApiGateway', 0, N'{"X-Original-For":"::1:54039","channel":"Anno.Plugs.Logic","router":"Platform","method":"GetRolePage","profile":"wfzfGLtNOOPVE/UPxh4EH8PHSUh5fWpSVLiqUn/gmy5ZmEjM+RoqKQ==","uname":"anno","roleName":"","page":"1","pagesize":"20","t":"306","TraceId":"9490e7b3-efeb-4972-8d5c-9ec107f69913","PreTraceId":"","GlobalTraceId":"79ee2b23-5034-4038-bb55-2372caf3d5e7","AppName":"ApiGateway","Target":"192.168.1.7:7011","AppNameTarget":"ViperService-01","TTL":"0"}', NULL, N'::1:54039', N'192.168.1.7:7011', NULL, CAST(N'2021-07-07T14:00:04.310' AS DateTime), N'Anno.Plugs.Logic', N'Platform', N'GetRolePage', N'anno', CAST(5.00000 AS Decimal(18, 5)), 1)
GO
INSERT [dbo].[sys_trace] ([id], [GlobalTraceId], [TraceId], [PreTraceId], [AppNameTarget], [AppName], [TTL], [Request], [Response], [Ip], [Target], [UserId], [Timespan], [Askchannel], [Askrouter], [Askmethod], [Uname], [UseTimeMs], [Rlt]) VALUES (419022618464257, N'818fe699-cfbc-4c89-a180-c829ba634d01', N'ad490997-d2f0-480c-a41a-025ad04af64e', N'', N'ViperService-01', N'ApiGateway', 0, N'{"X-Original-For":"::1:60755","channel":"Anno.Plugs.Logic","router":"Platform","method":"Get_rfs","profile":"wfzfGLtNOOPVE/UPxh4EH8PHSUh5fWpSVLiqUn/gmy5ZmEjM+RoqKQ==","uname":"anno","t":"334","TraceId":"ad490997-d2f0-480c-a41a-025ad04af64e","PreTraceId":"","GlobalTraceId":"818fe699-cfbc-4c89-a180-c829ba634d01","AppName":"ApiGateway","Target":"192.168.1.7:7011","AppNameTarget":"ViperService-01","TTL":"0"}', NULL, N'::1:60755', N'192.168.1.7:7011', NULL, CAST(N'2021-07-07T14:00:10.353' AS DateTime), N'Anno.Plugs.Logic', N'Platform', N'Get_rfs', N'anno', CAST(6.00000 AS Decimal(18, 5)), 1)
GO
INSERT [dbo].[sys_trace] ([id], [GlobalTraceId], [TraceId], [PreTraceId], [AppNameTarget], [AppName], [TTL], [Request], [Response], [Ip], [Target], [UserId], [Timespan], [Askchannel], [Askrouter], [Askmethod], [Uname], [UseTimeMs], [Rlt]) VALUES (419022700384256, N'5104e2a8-5924-4813-a387-ed473d4867f9', N'51f7c691-9ace-4cd7-88f9-febeef36a7e7', N'', N'ViperService-01', N'ApiGateway', 0, N'{"X-Original-For":"::1:53835","channel":"Anno.Plugs.Logic","router":"Platform","method":"GetAllsys_member","profile":"wfzfGLtNOOPVE/UPxh4EH8PHSUh5fWpSVLiqUn/gmy5ZmEjM+RoqKQ==","uname":"anno","where":"{ \\"rules\\": [{ \\"field\\": \\"account\\", \\"op\\": \\"like\\", \\"value\\": \\"\\", \\"type\\": \\"string\\" }], \\"op\\": \\"and\\" }","page":"1","pagesize":"20","t":"225","TraceId":"51f7c691-9ace-4cd7-88f9-febeef36a7e7","PreTraceId":"","GlobalTraceId":"5104e2a8-5924-4813-a387-ed473d4867f9","AppName":"ApiGateway","Target":"192.168.1.7:7011","AppNameTarget":"ViperService-01","TTL":"0"}', NULL, N'::1:53835', N'192.168.1.7:7011', NULL, CAST(N'2021-07-07T14:00:29.227' AS DateTime), N'Anno.Plugs.Logic', N'Platform', N'GetAllsys_member', N'anno', CAST(5.00000 AS Decimal(18, 5)), 1)
GO
INSERT [dbo].[sys_trace] ([id], [GlobalTraceId], [TraceId], [PreTraceId], [AppNameTarget], [AppName], [TTL], [Request], [Response], [Ip], [Target], [UserId], [Timespan], [Askchannel], [Askrouter], [Askmethod], [Uname], [UseTimeMs], [Rlt]) VALUES (419022823272448, N'12919410-3b0c-439f-81ab-70169fb2e213', N'df0d70e8-4d38-48df-a005-69ee7704f3b6', N'', N'ViperService-01', N'ApiGateway', 0, N'{"X-Original-For":"::1:61940","channel":"Anno.Plugs.Logic","router":"Platform","method":"GetcurRoles","profile":"wfzfGLtNOOPVE/UPxh4EH8PHSUh5fWpSVLiqUn/gmy5ZmEjM+RoqKQ==","uname":"anno","type":"m","uid":"210527169232896","t":"239","TraceId":"df0d70e8-4d38-48df-a005-69ee7704f3b6","PreTraceId":"","GlobalTraceId":"12919410-3b0c-439f-81ab-70169fb2e213","AppName":"ApiGateway","Target":"192.168.1.7:7011","AppNameTarget":"ViperService-01","TTL":"0"}', NULL, N'::1:61940', N'192.168.1.7:7011', NULL, CAST(N'2021-07-07T14:00:52.243' AS DateTime), N'Anno.Plugs.Logic', N'Platform', N'GetcurRoles', N'anno', CAST(7.00000 AS Decimal(18, 5)), 1)
GO
INSERT [dbo].[sys_trace] ([id], [GlobalTraceId], [TraceId], [PreTraceId], [AppNameTarget], [AppName], [TTL], [Request], [Response], [Ip], [Target], [UserId], [Timespan], [Askchannel], [Askrouter], [Askmethod], [Uname], [UseTimeMs], [Rlt]) VALUES (419022823272449, N'7b23a44d-0879-41ab-8412-3fc4bc23185a', N'c81acc7f-6fea-4bac-91e3-5123da34a14d', N'', N'ViperService-01', N'ApiGateway', 0, N'{"X-Original-For":"::1:49958","channel":"Anno.Plugs.Logic","router":"Platform","method":"PCenter","profile":"wfzfGLtNOOPVE/UPxh4EH8PHSUh5fWpSVLiqUn/gmy5ZmEjM+RoqKQ==","uname":"anno","type":"m","id":"210527169232896","t":"237","TraceId":"c81acc7f-6fea-4bac-91e3-5123da34a14d","PreTraceId":"","GlobalTraceId":"7b23a44d-0879-41ab-8412-3fc4bc23185a","AppName":"ApiGateway","Target":"192.168.1.7:7011","AppNameTarget":"ViperService-01","TTL":"0"}', NULL, N'::1:49958', N'192.168.1.7:7011', NULL, CAST(N'2021-07-07T14:00:52.240' AS DateTime), N'Anno.Plugs.Logic', N'Platform', N'PCenter', N'anno', CAST(34.00000 AS Decimal(18, 5)), 1)
GO
INSERT [dbo].[sys_trace] ([id], [GlobalTraceId], [TraceId], [PreTraceId], [AppNameTarget], [AppName], [TTL], [Request], [Response], [Ip], [Target], [UserId], [Timespan], [Askchannel], [Askrouter], [Askmethod], [Uname], [UseTimeMs], [Rlt]) VALUES (419022864211968, N'c0c78f78-4e38-4592-8021-0d63de1bd9ac', N'c7c3ecd4-199d-426f-ab04-f02a69dd5b58', N'', N'ViperService-01', N'ApiGateway', 0, N'{"X-Original-For":"::1:61125","channel":"Anno.Plugs.Logic","router":"Platform","method":"SaveCurRoles","profile":"wfzfGLtNOOPVE/UPxh4EH8PHSUh5fWpSVLiqUn/gmy5ZmEjM+RoqKQ==","uname":"anno","uid":"210527169232896","inputData":"[{\\"name\\":\\"System\\",\\"ID\\":\\"299935790530574\\"}]","t":"842","TraceId":"c7c3ecd4-199d-426f-ab04-f02a69dd5b58","PreTraceId":"","GlobalTraceId":"c0c78f78-4e38-4592-8021-0d63de1bd9ac","AppName":"ApiGateway","Target":"192.168.1.7:7011","AppNameTarget":"ViperService-01","TTL":"0"}', N'{"Status":false,"Msg":"401,Unauthrized","Output":{},"OutputData":401}', N'::1:61125', N'192.168.1.7:7011', NULL, CAST(N'2021-07-07T14:01:00.847' AS DateTime), N'Anno.Plugs.Logic', N'Platform', N'SaveCurRoles', N'anno', CAST(4.00000 AS Decimal(18, 5)), 0)
GO
INSERT [dbo].[sys_trace] ([id], [GlobalTraceId], [TraceId], [PreTraceId], [AppNameTarget], [AppName], [TTL], [Request], [Response], [Ip], [Target], [UserId], [Timespan], [Askchannel], [Askrouter], [Askmethod], [Uname], [UseTimeMs], [Rlt]) VALUES (419022864211969, N'2538a913-a632-407b-9519-f1a6f5950235', N'39ae9ab1-7a12-4914-92e2-e3f6c37f74bc', N'', N'ViperService-01', N'ApiGateway', 0, N'{"X-Original-For":"::1:61125","channel":"Anno.Plugs.Logic","router":"Platform","method":"SaveCurRoles","profile":"wfzfGLtNOOPVE/UPxh4EH8PHSUh5fWpSVLiqUn/gmy5ZmEjM+RoqKQ==","uname":"anno","uid":"210527169232896","inputData":"[{\\"name\\":\\"System\\",\\"ID\\":\\"299935790530574\\"}]","t":"904","TraceId":"39ae9ab1-7a12-4914-92e2-e3f6c37f74bc","PreTraceId":"","GlobalTraceId":"2538a913-a632-407b-9519-f1a6f5950235","AppName":"ApiGateway","Target":"192.168.1.7:7011","AppNameTarget":"ViperService-01","TTL":"0"}', N'{"Status":false,"Msg":"401,Unauthrized","Output":{},"OutputData":401}', N'::1:61125', N'192.168.1.7:7011', NULL, CAST(N'2021-07-07T14:01:03.910' AS DateTime), N'Anno.Plugs.Logic', N'Platform', N'SaveCurRoles', N'anno', CAST(11.00000 AS Decimal(18, 5)), 0)
GO
INSERT [dbo].[sys_trace] ([id], [GlobalTraceId], [TraceId], [PreTraceId], [AppNameTarget], [AppName], [TTL], [Request], [Response], [Ip], [Target], [UserId], [Timespan], [Askchannel], [Askrouter], [Askmethod], [Uname], [UseTimeMs], [Rlt]) VALUES (419023232864256, N'67c5f8f0-fb32-432b-8581-5f6649807ca4', N'd09a9306-a813-406d-8c22-00fc3e62287c', N'', N'ViperService-01', N'ApiGateway', 0, N'{"X-Original-For":"::1:57046","channel":"Anno.Plugs.Logic","router":"Platform","method":"GetAllsys_member","profile":"wfzfGLtNOOPVE/UPxh4EH8PHSUh5fWpSVLiqUn/gmy5ZmEjM+RoqKQ==","uname":"anno","where":"{ \\"rules\\": [{ \\"field\\": \\"account\\", \\"op\\": \\"like\\", \\"value\\": \\"\\", \\"type\\": \\"string\\" }], \\"op\\": \\"and\\" }","page":"1","pagesize":"20","t":"519","TraceId":"d09a9306-a813-406d-8c22-00fc3e62287c","PreTraceId":"","GlobalTraceId":"67c5f8f0-fb32-432b-8581-5f6649807ca4","AppName":"ApiGateway","Target":"192.168.1.7:7011","AppNameTarget":"ViperService-01","TTL":"0"}', NULL, N'::1:57046', N'192.168.1.7:7011', NULL, CAST(N'2021-07-07T14:02:37.550' AS DateTime), N'Anno.Plugs.Logic', N'Platform', N'GetAllsys_member', N'anno', CAST(10.00000 AS Decimal(18, 5)), 1)
GO
INSERT [dbo].[sys_trace] ([id], [GlobalTraceId], [TraceId], [PreTraceId], [AppNameTarget], [AppName], [TTL], [Request], [Response], [Ip], [Target], [UserId], [Timespan], [Askchannel], [Askrouter], [Askmethod], [Uname], [UseTimeMs], [Rlt]) VALUES (419023273816064, N'62d9b9fe-0d68-487c-9425-a7af9c537daa', N'f7e02d14-7cc8-4479-acf5-b0bd9538c547', N'', N'ViperService-01', N'ApiGateway', 0, N'{"X-Original-For":"::1:57046","channel":"Anno.Plugs.Logic","router":"Platform","method":"PCenter","profile":"wfzfGLtNOOPVE/UPxh4EH8PHSUh5fWpSVLiqUn/gmy5ZmEjM+RoqKQ==","uname":"anno","type":"m","id":"210527169232896","t":"423","TraceId":"f7e02d14-7cc8-4479-acf5-b0bd9538c547","PreTraceId":"","GlobalTraceId":"62d9b9fe-0d68-487c-9425-a7af9c537daa","AppName":"ApiGateway","Target":"192.168.1.7:7011","AppNameTarget":"ViperService-01","TTL":"0"}', NULL, N'::1:57046', N'192.168.1.7:7011', NULL, CAST(N'2021-07-07T14:02:43.427' AS DateTime), N'Anno.Plugs.Logic', N'Platform', N'PCenter', N'anno', CAST(4.00000 AS Decimal(18, 5)), 1)
GO
INSERT [dbo].[sys_trace] ([id], [GlobalTraceId], [TraceId], [PreTraceId], [AppNameTarget], [AppName], [TTL], [Request], [Response], [Ip], [Target], [UserId], [Timespan], [Askchannel], [Askrouter], [Askmethod], [Uname], [UseTimeMs], [Rlt]) VALUES (419023273816065, N'5901d7ee-f139-44c7-bda7-9a66887f6208', N'0a9ed82c-15b7-47ef-91c2-1338b7a1dd1d', N'', N'ViperService-01', N'ApiGateway', 0, N'{"X-Original-For":"::1:64899","channel":"Anno.Plugs.Logic","router":"Platform","method":"GetcurRoles","profile":"wfzfGLtNOOPVE/UPxh4EH8PHSUh5fWpSVLiqUn/gmy5ZmEjM+RoqKQ==","uname":"anno","type":"m","uid":"210527169232896","t":"424","TraceId":"0a9ed82c-15b7-47ef-91c2-1338b7a1dd1d","PreTraceId":"","GlobalTraceId":"5901d7ee-f139-44c7-bda7-9a66887f6208","AppName":"ApiGateway","Target":"192.168.1.7:7011","AppNameTarget":"ViperService-01","TTL":"0"}', NULL, N'::1:64899', N'192.168.1.7:7011', NULL, CAST(N'2021-07-07T14:02:43.430' AS DateTime), N'Anno.Plugs.Logic', N'Platform', N'GetcurRoles', N'anno', CAST(5.00000 AS Decimal(18, 5)), 1)
GO
INSERT [dbo].[sys_trace] ([id], [GlobalTraceId], [TraceId], [PreTraceId], [AppNameTarget], [AppName], [TTL], [Request], [Response], [Ip], [Target], [UserId], [Timespan], [Askchannel], [Askrouter], [Askmethod], [Uname], [UseTimeMs], [Rlt]) VALUES (419023273816066, N'e78a9110-706c-4a58-9ede-4e7914c67d9c', N'f56ac630-88e9-414f-97ec-fcc8dc6569f0', N'', N'ViperService-01', N'ApiGateway', 0, N'{"X-Original-For":"::1:56323","channel":"Anno.Plugs.Logic","router":"Platform","method":"GetUsrFc","profile":"wfzfGLtNOOPVE/UPxh4EH8PHSUh5fWpSVLiqUn/gmy5ZmEjM+RoqKQ==","uname":"anno","t":"151","TraceId":"f56ac630-88e9-414f-97ec-fcc8dc6569f0","PreTraceId":"","GlobalTraceId":"e78a9110-706c-4a58-9ede-4e7914c67d9c","AppName":"ApiGateway","Target":"192.168.1.7:7011","AppNameTarget":"ViperService-01","TTL":"0"}', NULL, N'::1:56323', N'192.168.1.7:7011', NULL, CAST(N'2021-07-07T14:02:48.157' AS DateTime), N'Anno.Plugs.Logic', N'Platform', N'GetUsrFc', N'anno', CAST(3.00000 AS Decimal(18, 5)), 1)
GO
INSERT [dbo].[sys_trace] ([id], [GlobalTraceId], [TraceId], [PreTraceId], [AppNameTarget], [AppName], [TTL], [Request], [Response], [Ip], [Target], [UserId], [Timespan], [Askchannel], [Askrouter], [Askmethod], [Uname], [UseTimeMs], [Rlt]) VALUES (419023273816067, N'1b96420d-828b-49d9-9d65-863483d6c4e7', N'90871059-3503-4e5c-b010-b18d405042eb', N'', N'ViperService-01', N'ApiGateway', 0, N'{"X-Original-For":"::1:56323","channel":"Anno.Plugs.Logic","router":"Platform","method":"GetFunc","profile":"wfzfGLtNOOPVE/UPxh4EH8PHSUh5fWpSVLiqUn/gmy5ZmEjM+RoqKQ==","uname":"anno","t":"159","TraceId":"90871059-3503-4e5c-b010-b18d405042eb","PreTraceId":"","GlobalTraceId":"1b96420d-828b-49d9-9d65-863483d6c4e7","AppName":"ApiGateway","Target":"192.168.1.7:7011","AppNameTarget":"ViperService-01","TTL":"0"}', NULL, N'::1:56323', N'192.168.1.7:7011', NULL, CAST(N'2021-07-07T14:02:48.163' AS DateTime), N'Anno.Plugs.Logic', N'Platform', N'GetFunc', N'anno', CAST(6.00000 AS Decimal(18, 5)), 1)
GO
INSERT [dbo].[sys_trace] ([id], [GlobalTraceId], [TraceId], [PreTraceId], [AppNameTarget], [AppName], [TTL], [Request], [Response], [Ip], [Target], [UserId], [Timespan], [Askchannel], [Askrouter], [Askmethod], [Uname], [UseTimeMs], [Rlt]) VALUES (419023273816068, N'08307441-9a02-4614-9c5b-9bb525ce753b', N'9b988c78-4602-49e7-b814-b0d0acbe8ce3', N'', N'ViperService-01', N'ApiGateway', 0, N'{"X-Original-For":"::1:56323","channel":"Anno.Plugs.Logic","router":"Report","method":"GetServiceReport","profile":"wfzfGLtNOOPVE/UPxh4EH8PHSUh5fWpSVLiqUn/gmy5ZmEjM+RoqKQ==","uname":"anno","t":"375","TraceId":"9b988c78-4602-49e7-b814-b0d0acbe8ce3","PreTraceId":"","GlobalTraceId":"08307441-9a02-4614-9c5b-9bb525ce753b","AppName":"ApiGateway","Target":"192.168.1.7:7011","AppNameTarget":"ViperService-01","TTL":"0"}', NULL, N'::1:56323', N'192.168.1.7:7011', NULL, CAST(N'2021-07-07T14:02:48.377' AS DateTime), N'Anno.Plugs.Logic', N'Report', N'GetServiceReport', N'anno', CAST(4.00000 AS Decimal(18, 5)), 1)
GO
INSERT [dbo].[sys_trace] ([id], [GlobalTraceId], [TraceId], [PreTraceId], [AppNameTarget], [AppName], [TTL], [Request], [Response], [Ip], [Target], [UserId], [Timespan], [Askchannel], [Askrouter], [Askmethod], [Uname], [UseTimeMs], [Rlt]) VALUES (419023314800640, N'b50b6b41-98a9-4139-a6b2-04d70179149d', N'9b2cfe2b-eb57-4910-8e7d-1573ed285af2', N'', N'ViperService-01', N'ApiGateway', 0, N'{"X-Original-For":"::1:54481","channel":"Anno.Plugs.Logic","router":"Platform","method":"Get_rfs","profile":"wfzfGLtNOOPVE/UPxh4EH8PHSUh5fWpSVLiqUn/gmy5ZmEjM+RoqKQ==","uname":"anno","t":"269","TraceId":"9b2cfe2b-eb57-4910-8e7d-1573ed285af2","PreTraceId":"","GlobalTraceId":"b50b6b41-98a9-4139-a6b2-04d70179149d","AppName":"ApiGateway","Target":"192.168.1.7:7011","AppNameTarget":"ViperService-01","TTL":"0"}', NULL, N'::1:54481', N'192.168.1.7:7011', NULL, CAST(N'2021-07-07T14:02:58.283' AS DateTime), N'Anno.Plugs.Logic', N'Platform', N'Get_rfs', N'anno', CAST(6.00000 AS Decimal(18, 5)), 1)
GO
INSERT [dbo].[sys_trace] ([id], [GlobalTraceId], [TraceId], [PreTraceId], [AppNameTarget], [AppName], [TTL], [Request], [Response], [Ip], [Target], [UserId], [Timespan], [Askchannel], [Askrouter], [Askmethod], [Uname], [UseTimeMs], [Rlt]) VALUES (419023519608832, N'cd345a97-6d5b-44c1-9c27-0f487d96b80c', N'62a2b59c-0afc-4919-963e-65cda6f6ebc8', N'', N'ViperService-01', N'ApiGateway', 0, N'{"X-Original-For":"::1:56451","channel":"Anno.Plugs.Logic","router":"Platform","method":"Login","account":"anno","pwd":"123456","t":"989","TraceId":"62a2b59c-0afc-4919-963e-65cda6f6ebc8","PreTraceId":"","GlobalTraceId":"cd345a97-6d5b-44c1-9c27-0f487d96b80c","AppName":"ApiGateway","Target":"192.168.1.7:7011","AppNameTarget":"ViperService-01","TTL":"0"}', NULL, N'::1:56451', N'192.168.1.7:7011', NULL, CAST(N'2021-07-07T14:03:50.013' AS DateTime), N'Anno.Plugs.Logic', N'Platform', N'Login', NULL, CAST(24.00000 AS Decimal(18, 5)), 1)
GO
INSERT [dbo].[sys_trace] ([id], [GlobalTraceId], [TraceId], [PreTraceId], [AppNameTarget], [AppName], [TTL], [Request], [Response], [Ip], [Target], [UserId], [Timespan], [Askchannel], [Askrouter], [Askmethod], [Uname], [UseTimeMs], [Rlt]) VALUES (419023519608833, N'37492a81-bce7-440e-ad70-73460de160f5', N'c5c5f123-4944-497d-bed0-37faa63a2b54', N'', N'ViperService-01', N'ApiGateway', 0, N'{"X-Original-For":"::1:56451","channel":"Anno.Plugs.Logic","router":"Platform","method":"GetUsrFc","profile":"wfzfGLtNOOPVE/UPxh4EH8PHSUh5fWpSJ1iefnMqOehxWaYHWXpysw==","uname":"anno","t":"116","TraceId":"c5c5f123-4944-497d-bed0-37faa63a2b54","PreTraceId":"","GlobalTraceId":"37492a81-bce7-440e-ad70-73460de160f5","AppName":"ApiGateway","Target":"192.168.1.7:7011","AppNameTarget":"ViperService-01","TTL":"0"}', NULL, N'::1:56451', N'192.168.1.7:7011', NULL, CAST(N'2021-07-07T14:03:50.120' AS DateTime), N'Anno.Plugs.Logic', N'Platform', N'GetUsrFc', N'anno', CAST(3.00000 AS Decimal(18, 5)), 1)
GO
INSERT [dbo].[sys_trace] ([id], [GlobalTraceId], [TraceId], [PreTraceId], [AppNameTarget], [AppName], [TTL], [Request], [Response], [Ip], [Target], [UserId], [Timespan], [Askchannel], [Askrouter], [Askmethod], [Uname], [UseTimeMs], [Rlt]) VALUES (419023519608834, N'f0bff915-73c3-4ec8-8ebd-b76f05d5dd67', N'f17d0bd6-983b-4d94-891a-263b78bf4af7', N'', N'ViperService-01', N'ApiGateway', 0, N'{"X-Original-For":"::1:56451","channel":"Anno.Plugs.Logic","router":"Platform","method":"GetFunc","profile":"wfzfGLtNOOPVE/UPxh4EH8PHSUh5fWpSJ1iefnMqOehxWaYHWXpysw==","uname":"anno","t":"123","TraceId":"f17d0bd6-983b-4d94-891a-263b78bf4af7","PreTraceId":"","GlobalTraceId":"f0bff915-73c3-4ec8-8ebd-b76f05d5dd67","AppName":"ApiGateway","Target":"192.168.1.7:7011","AppNameTarget":"ViperService-01","TTL":"0"}', NULL, N'::1:56451', N'192.168.1.7:7011', NULL, CAST(N'2021-07-07T14:03:50.127' AS DateTime), N'Anno.Plugs.Logic', N'Platform', N'GetFunc', N'anno', CAST(4.00000 AS Decimal(18, 5)), 1)
GO
INSERT [dbo].[sys_trace] ([id], [GlobalTraceId], [TraceId], [PreTraceId], [AppNameTarget], [AppName], [TTL], [Request], [Response], [Ip], [Target], [UserId], [Timespan], [Askchannel], [Askrouter], [Askmethod], [Uname], [UseTimeMs], [Rlt]) VALUES (419023519608835, N'2a5f2c28-3489-476f-b145-bbf5d85ce992', N'1e19279e-173d-473e-8d49-d7acb0ff7540', N'', N'ViperService-01', N'ApiGateway', 0, N'{"X-Original-For":"::1:56451","channel":"Anno.Plugs.Logic","router":"Report","method":"GetServiceReport","profile":"wfzfGLtNOOPVE/UPxh4EH8PHSUh5fWpSJ1iefnMqOehxWaYHWXpysw==","uname":"anno","t":"328","TraceId":"1e19279e-173d-473e-8d49-d7acb0ff7540","PreTraceId":"","GlobalTraceId":"2a5f2c28-3489-476f-b145-bbf5d85ce992","AppName":"ApiGateway","Target":"192.168.1.7:7011","AppNameTarget":"ViperService-01","TTL":"0"}', NULL, N'::1:56451', N'192.168.1.7:7011', NULL, CAST(N'2021-07-07T14:03:50.333' AS DateTime), N'Anno.Plugs.Logic', N'Report', N'GetServiceReport', N'anno', CAST(3.00000 AS Decimal(18, 5)), 1)
GO
INSERT [dbo].[sys_trace] ([id], [GlobalTraceId], [TraceId], [PreTraceId], [AppNameTarget], [AppName], [TTL], [Request], [Response], [Ip], [Target], [UserId], [Timespan], [Askchannel], [Askrouter], [Askmethod], [Uname], [UseTimeMs], [Rlt]) VALUES (419023643312128, N'22ad0b4b-0abd-4ee9-8b9a-8577f80a6148', N'fec31d46-a2e6-4ef4-af46-abb52086ad56', N'', N'ViperService-01', N'ApiGateway', 0, N'{"X-Original-For":"::1:59125","channel":"Anno.Plugs.Logic","router":"Platform","method":"Get_rfs","profile":"wfzfGLtNOOPVE/UPxh4EH8PHSUh5fWpSJ1iefnMqOehxWaYHWXpysw==","uname":"anno","t":"789","TraceId":"fec31d46-a2e6-4ef4-af46-abb52086ad56","PreTraceId":"","GlobalTraceId":"22ad0b4b-0abd-4ee9-8b9a-8577f80a6148","AppName":"ApiGateway","Target":"192.168.1.7:7011","AppNameTarget":"ViperService-01","TTL":"0"}', NULL, N'::1:59125', N'192.168.1.7:7011', NULL, CAST(N'2021-07-07T14:04:20.850' AS DateTime), N'Anno.Plugs.Logic', N'Platform', N'Get_rfs', N'anno', CAST(8.00000 AS Decimal(18, 5)), 1)
GO
INSERT [dbo].[sys_trace] ([id], [GlobalTraceId], [TraceId], [PreTraceId], [AppNameTarget], [AppName], [TTL], [Request], [Response], [Ip], [Target], [UserId], [Timespan], [Askchannel], [Askrouter], [Askmethod], [Uname], [UseTimeMs], [Rlt]) VALUES (419023724404736, N'b5610b89-845f-4867-af0e-03ecbea07736', N'2d562c7d-cf55-4853-8114-41112fc955a8', N'', N'ViperService-01', N'ApiGateway', 0, N'{"X-Original-For":"::1:60147","channel":"Anno.Plugs.Logic","router":"Platform","method":"GetRolePage","profile":"wfzfGLtNOOPVE/UPxh4EH8PHSUh5fWpSJ1iefnMqOehxWaYHWXpysw==","uname":"anno","roleName":"","page":"1","pagesize":"20","t":"95","TraceId":"2d562c7d-cf55-4853-8114-41112fc955a8","PreTraceId":"","GlobalTraceId":"b5610b89-845f-4867-af0e-03ecbea07736","AppName":"ApiGateway","Target":"192.168.1.7:7011","AppNameTarget":"ViperService-01","TTL":"0"}', NULL, N'::1:60147', N'192.168.1.7:7011', NULL, CAST(N'2021-07-07T14:04:35.097' AS DateTime), N'Anno.Plugs.Logic', N'Platform', N'GetRolePage', N'anno', CAST(4.00000 AS Decimal(18, 5)), 1)
GO
INSERT [dbo].[sys_trace] ([id], [GlobalTraceId], [TraceId], [PreTraceId], [AppNameTarget], [AppName], [TTL], [Request], [Response], [Ip], [Target], [UserId], [Timespan], [Askchannel], [Askrouter], [Askmethod], [Uname], [UseTimeMs], [Rlt]) VALUES (419023765348352, N'6734c55b-611d-48dd-b52e-a100e59838a5', N'6e94ed39-63ab-461d-a41d-33968d55fc8e', N'', N'ViperService-01', N'ApiGateway', 0, N'{"X-Original-For":"::1:49854","channel":"Anno.Plugs.Logic","router":"Platform","method":"GetAllsys_member","profile":"wfzfGLtNOOPVE/UPxh4EH8PHSUh5fWpSJ1iefnMqOehxWaYHWXpysw==","uname":"anno","where":"{ \\"rules\\": [{ \\"field\\": \\"account\\", \\"op\\": \\"like\\", \\"value\\": \\"\\", \\"type\\": \\"string\\" }], \\"op\\": \\"and\\" }","page":"1","pagesize":"20","t":"98","TraceId":"6e94ed39-63ab-461d-a41d-33968d55fc8e","PreTraceId":"","GlobalTraceId":"6734c55b-611d-48dd-b52e-a100e59838a5","AppName":"ApiGateway","Target":"192.168.1.7:7011","AppNameTarget":"ViperService-01","TTL":"0"}', NULL, N'::1:49854', N'192.168.1.7:7011', NULL, CAST(N'2021-07-07T14:04:41.103' AS DateTime), N'Anno.Plugs.Logic', N'Platform', N'GetAllsys_member', N'anno', CAST(5.00000 AS Decimal(18, 5)), 1)
GO
INSERT [dbo].[sys_trace] ([id], [GlobalTraceId], [TraceId], [PreTraceId], [AppNameTarget], [AppName], [TTL], [Request], [Response], [Ip], [Target], [UserId], [Timespan], [Askchannel], [Askrouter], [Askmethod], [Uname], [UseTimeMs], [Rlt]) VALUES (419023806283776, N'b9002678-13e8-400d-8956-7d7dce4272b3', N'81439bf9-0982-4f78-9f8a-9fab10879451', N'', N'ViperService-01', N'ApiGateway', 0, N'{"X-Original-For":"::1:64076","channel":"Anno.Plugs.Logic","router":"Platform","method":"PCenter","profile":"wfzfGLtNOOPVE/UPxh4EH8PHSUh5fWpSJ1iefnMqOehxWaYHWXpysw==","uname":"anno","type":"m","id":"210527169232896","t":"647","TraceId":"81439bf9-0982-4f78-9f8a-9fab10879451","PreTraceId":"","GlobalTraceId":"b9002678-13e8-400d-8956-7d7dce4272b3","AppName":"ApiGateway","Target":"192.168.1.7:7011","AppNameTarget":"ViperService-01","TTL":"0"}', NULL, N'::1:64076', N'192.168.1.7:7011', NULL, CAST(N'2021-07-07T14:04:53.650' AS DateTime), N'Anno.Plugs.Logic', N'Platform', N'PCenter', N'anno', CAST(4.00000 AS Decimal(18, 5)), 1)
GO
INSERT [dbo].[sys_trace] ([id], [GlobalTraceId], [TraceId], [PreTraceId], [AppNameTarget], [AppName], [TTL], [Request], [Response], [Ip], [Target], [UserId], [Timespan], [Askchannel], [Askrouter], [Askmethod], [Uname], [UseTimeMs], [Rlt]) VALUES (419023806283777, N'93953a69-0ae6-4a78-b829-1afb67ee0aff', N'85a50dfd-ea5d-4b30-8386-924ec411f984', N'', N'ViperService-01', N'ApiGateway', 0, N'{"X-Original-For":"::1:54951","channel":"Anno.Plugs.Logic","router":"Platform","method":"GetcurRoles","profile":"wfzfGLtNOOPVE/UPxh4EH8PHSUh5fWpSJ1iefnMqOehxWaYHWXpysw==","uname":"anno","type":"m","uid":"210527169232896","t":"648","TraceId":"85a50dfd-ea5d-4b30-8386-924ec411f984","PreTraceId":"","GlobalTraceId":"93953a69-0ae6-4a78-b829-1afb67ee0aff","AppName":"ApiGateway","Target":"192.168.1.7:7011","AppNameTarget":"ViperService-01","TTL":"0"}', NULL, N'::1:54951', N'192.168.1.7:7011', NULL, CAST(N'2021-07-07T14:04:53.650' AS DateTime), N'Anno.Plugs.Logic', N'Platform', N'GetcurRoles', N'anno', CAST(4.00000 AS Decimal(18, 5)), 1)
GO
INSERT [dbo].[sys_trace] ([id], [GlobalTraceId], [TraceId], [PreTraceId], [AppNameTarget], [AppName], [TTL], [Request], [Response], [Ip], [Target], [UserId], [Timespan], [Askchannel], [Askrouter], [Askmethod], [Uname], [UseTimeMs], [Rlt]) VALUES (419023806283778, N'0eade115-1462-4e24-8972-bf7819c237e2', N'642cbe4b-c971-46cd-8101-3b3c622600ae', N'', N'ViperService-01', N'ApiGateway', 0, N'{"X-Original-For":"::1:53751","channel":"Anno.Plugs.Logic","router":"Platform","method":"SaveCurRoles","profile":"wfzfGLtNOOPVE/UPxh4EH8PHSUh5fWpSJ1iefnMqOehxWaYHWXpysw==","uname":"anno","uid":"210527169232896","inputData":"[{\\"name\\":\\"System\\",\\"ID\\":\\"299935790530574\\"},{\\"name\\":\\"管理员\\",\\"ID\\":\\"299935790530575\\"}]","t":"553","TraceId":"642cbe4b-c971-46cd-8101-3b3c622600ae","PreTraceId":"","GlobalTraceId":"0eade115-1462-4e24-8972-bf7819c237e2","AppName":"ApiGateway","Target":"192.168.1.7:7011","AppNameTarget":"ViperService-01","TTL":"0"}', N'{"Status":false,"Msg":"401,Unauthrized","Output":{},"OutputData":401}', N'::1:53751', N'192.168.1.7:7011', NULL, CAST(N'2021-07-07T14:04:58.560' AS DateTime), N'Anno.Plugs.Logic', N'Platform', N'SaveCurRoles', N'anno', CAST(13.00000 AS Decimal(18, 5)), 0)
GO
INSERT [dbo].[sys_trace] ([id], [GlobalTraceId], [TraceId], [PreTraceId], [AppNameTarget], [AppName], [TTL], [Request], [Response], [Ip], [Target], [UserId], [Timespan], [Askchannel], [Askrouter], [Askmethod], [Uname], [UseTimeMs], [Rlt]) VALUES (419023847251968, N'71b0c5d4-20a0-40bb-a187-b14c3e7219df', N'037f9349-cf98-4fc3-ae6b-93ed48666373', N'', N'ViperService-01', N'ApiGateway', 0, N'{"X-Original-For":"::1:53751","channel":"Anno.Plugs.Logic","router":"Platform","method":"SaveCurRoles","profile":"wfzfGLtNOOPVE/UPxh4EH8PHSUh5fWpSJ1iefnMqOehxWaYHWXpysw==","uname":"anno","uid":"210527169232896","inputData":"[{\\"name\\":\\"System\\",\\"ID\\":\\"299935790530574\\"},{\\"name\\":\\"管理员\\",\\"ID\\":\\"299935790530575\\"}]","t":"849","TraceId":"037f9349-cf98-4fc3-ae6b-93ed48666373","PreTraceId":"","GlobalTraceId":"71b0c5d4-20a0-40bb-a187-b14c3e7219df","AppName":"ApiGateway","Target":"192.168.1.7:7011","AppNameTarget":"ViperService-01","TTL":"0"}', N'{"Status":false,"Msg":"401,Unauthrized","Output":{},"OutputData":401}', N'::1:53751', N'192.168.1.7:7011', NULL, CAST(N'2021-07-07T14:05:02.857' AS DateTime), N'Anno.Plugs.Logic', N'Platform', N'SaveCurRoles', N'anno', CAST(20.00000 AS Decimal(18, 5)), 0)
GO
INSERT [dbo].[sys_trace] ([id], [GlobalTraceId], [TraceId], [PreTraceId], [AppNameTarget], [AppName], [TTL], [Request], [Response], [Ip], [Target], [UserId], [Timespan], [Askchannel], [Askrouter], [Askmethod], [Uname], [UseTimeMs], [Rlt]) VALUES (419023847251969, N'ef728e82-6147-4c47-8b67-d109e957c0ce', N'36850ce1-181c-4168-9e88-3fe388a43cfb', N'', N'ViperService-01', N'ApiGateway', 0, N'{"X-Original-For":"::1:54875","channel":"Anno.Plugs.Logic","router":"Platform","method":"SaveCurRoles","profile":"wfzfGLtNOOPVE/UPxh4EH8PHSUh5fWpSJ1iefnMqOehxWaYHWXpysw==","uname":"anno","uid":"210527169232896","inputData":"[{\\"name\\":\\"管理员\\",\\"ID\\":\\"299935790530575\\"}]","t":"819","TraceId":"36850ce1-181c-4168-9e88-3fe388a43cfb","PreTraceId":"","GlobalTraceId":"ef728e82-6147-4c47-8b67-d109e957c0ce","AppName":"ApiGateway","Target":"192.168.1.7:7011","AppNameTarget":"ViperService-01","TTL":"0"}', N'{"Status":false,"Msg":"401,Unauthrized","Output":{},"OutputData":401}', N'::1:54875', N'192.168.1.7:7011', NULL, CAST(N'2021-07-07T14:05:09.837' AS DateTime), N'Anno.Plugs.Logic', N'Platform', N'SaveCurRoles', N'anno', CAST(15.00000 AS Decimal(18, 5)), 0)
GO
INSERT [dbo].[sys_trace] ([id], [GlobalTraceId], [TraceId], [PreTraceId], [AppNameTarget], [AppName], [TTL], [Request], [Response], [Ip], [Target], [UserId], [Timespan], [Askchannel], [Askrouter], [Askmethod], [Uname], [UseTimeMs], [Rlt]) VALUES (419023888240640, N'61d6baf7-d277-4346-8652-142e01d852d0', N'8e4d270e-92c6-4546-93f9-33028dfc1dda', N'', N'ViperService-01', N'ApiGateway', 0, N'{"X-Original-For":"::1:54875","channel":"Anno.Plugs.Logic","router":"Platform","method":"SaveCurRoles","profile":"wfzfGLtNOOPVE/UPxh4EH8PHSUh5fWpSJ1iefnMqOehxWaYHWXpysw==","uname":"anno","uid":"210527169232896","inputData":"[{\\"name\\":\\"System\\",\\"ID\\":\\"299935790530574\\"}]","t":"912","TraceId":"8e4d270e-92c6-4546-93f9-33028dfc1dda","PreTraceId":"","GlobalTraceId":"61d6baf7-d277-4346-8652-142e01d852d0","AppName":"ApiGateway","Target":"192.168.1.7:7011","AppNameTarget":"ViperService-01","TTL":"0"}', N'{"Status":false,"Msg":"401,Unauthrized","Output":{},"OutputData":401}', N'::1:54875', N'192.168.1.7:7011', NULL, CAST(N'2021-07-07T14:05:14.920' AS DateTime), N'Anno.Plugs.Logic', N'Platform', N'SaveCurRoles', N'anno', CAST(3.00000 AS Decimal(18, 5)), 0)
GO
INSERT [dbo].[sys_trace] ([id], [GlobalTraceId], [TraceId], [PreTraceId], [AppNameTarget], [AppName], [TTL], [Request], [Response], [Ip], [Target], [UserId], [Timespan], [Askchannel], [Askrouter], [Askmethod], [Uname], [UseTimeMs], [Rlt]) VALUES (419023929241600, N'e035d094-13d9-444e-9ba3-fccc3166fbf2', N'd34405b2-75e0-4ca0-9817-e5d714cbbbc4', N'', N'ViperService-01', N'ApiGateway', 0, N'{"X-Original-For":"::1:61926","channel":"Anno.Plugs.Logic","router":"Platform","method":"Get_all_power","profile":"wfzfGLtNOOPVE/UPxh4EH8PHSUh5fWpSJ1iefnMqOehxWaYHWXpysw==","uname":"anno","t":"535","TraceId":"d34405b2-75e0-4ca0-9817-e5d714cbbbc4","PreTraceId":"","GlobalTraceId":"e035d094-13d9-444e-9ba3-fccc3166fbf2","AppName":"ApiGateway","Target":"192.168.1.7:7011","AppNameTarget":"ViperService-01","TTL":"0"}', NULL, N'::1:61926', N'192.168.1.7:7011', NULL, CAST(N'2021-07-07T14:05:29.543' AS DateTime), N'Anno.Plugs.Logic', N'Platform', N'Get_all_power', N'anno', CAST(4.00000 AS Decimal(18, 5)), 1)
GO
INSERT [dbo].[sys_trace] ([id], [GlobalTraceId], [TraceId], [PreTraceId], [AppNameTarget], [AppName], [TTL], [Request], [Response], [Ip], [Target], [UserId], [Timespan], [Askchannel], [Askrouter], [Askmethod], [Uname], [UseTimeMs], [Rlt]) VALUES (419024011120640, N'098fd742-e2ab-42a8-818b-654a5b2e69d6', N'a9e974b8-4c31-4241-9761-c0b5a64025ef', N'', N'ViperService-01', N'ApiGateway', 0, N'{"X-Original-For":"::1:60179","channel":"Anno.Plugs.Trace","router":"Router","method":"GetServiceInstances","profile":"wfzfGLtNOOPVE/UPxh4EH8PHSUh5fWpSJ1iefnMqOehxWaYHWXpysw==","uname":"anno","t":"468","TraceId":"a9e974b8-4c31-4241-9761-c0b5a64025ef","PreTraceId":"","GlobalTraceId":"098fd742-e2ab-42a8-818b-654a5b2e69d6","AppName":"ApiGateway","Target":"192.168.1.7:7011","AppNameTarget":"ViperService-01","TTL":"0"}', NULL, N'::1:60179', N'192.168.1.7:7011', NULL, CAST(N'2021-07-07T14:05:46.477' AS DateTime), N'Anno.Plugs.Trace', N'Router', N'GetServiceInstances', N'anno', CAST(4.00000 AS Decimal(18, 5)), 1)
GO
INSERT [dbo].[sys_trace] ([id], [GlobalTraceId], [TraceId], [PreTraceId], [AppNameTarget], [AppName], [TTL], [Request], [Response], [Ip], [Target], [UserId], [Timespan], [Askchannel], [Askrouter], [Askmethod], [Uname], [UseTimeMs], [Rlt]) VALUES (419024215883776, N'cc9a8427-8add-4ef3-bce8-fa9b4afb5f86', N'c9d4301c-6edc-47d8-b8be-7a5c255d30a4', N'', N'ViperService-01', N'ApiGateway', 0, N'{"X-Original-For":"::1:50781","channel":"Anno.Plugs.Trace","router":"Router","method":"GetServiceInstances","profile":"wfzfGLtNOOPVE/UPxh4EH8PHSUh5fWpSJ1iefnMqOehxWaYHWXpysw==","uname":"anno","t":"893","TraceId":"c9d4301c-6edc-47d8-b8be-7a5c255d30a4","PreTraceId":"","GlobalTraceId":"cc9a8427-8add-4ef3-bce8-fa9b4afb5f86","AppName":"ApiGateway","Target":"192.168.1.7:7011","AppNameTarget":"ViperService-01","TTL":"0"}', NULL, N'::1:50781', N'192.168.1.7:7011', NULL, CAST(N'2021-07-07T14:06:38.897' AS DateTime), N'Anno.Plugs.Trace', N'Router', N'GetServiceInstances', N'anno', CAST(2.00000 AS Decimal(18, 5)), 1)
GO
INSERT [dbo].[sys_trace] ([id], [GlobalTraceId], [TraceId], [PreTraceId], [AppNameTarget], [AppName], [TTL], [Request], [Response], [Ip], [Target], [UserId], [Timespan], [Askchannel], [Askrouter], [Askmethod], [Uname], [UseTimeMs], [Rlt]) VALUES (419024338792448, N'04f0f890-5ad3-4edb-90b6-06ea74ee1f42', N'71cad91e-7b75-4303-bdfc-a3e0525e824f', N'', N'ViperService-01', N'ApiGateway', 0, N'{"X-Original-For":"::1:59472","channel":"Anno.Plugs.Logic","router":"Platform","method":"GetAllsys_member","profile":"wfzfGLtNOOPVE/UPxh4EH8PHSUh5fWpSJ1iefnMqOehxWaYHWXpysw==","uname":"anno","where":"{ \\"rules\\": [{ \\"field\\": \\"account\\", \\"op\\": \\"like\\", \\"value\\": \\"\\", \\"type\\": \\"string\\" }], \\"op\\": \\"and\\" }","page":"1","pagesize":"20","t":"800","TraceId":"71cad91e-7b75-4303-bdfc-a3e0525e824f","PreTraceId":"","GlobalTraceId":"04f0f890-5ad3-4edb-90b6-06ea74ee1f42","AppName":"ApiGateway","Target":"192.168.1.7:7011","AppNameTarget":"ViperService-01","TTL":"0"}', NULL, N'::1:59472', N'192.168.1.7:7011', NULL, CAST(N'2021-07-07T14:07:08.807' AS DateTime), N'Anno.Plugs.Logic', N'Platform', N'GetAllsys_member', N'anno', CAST(5.00000 AS Decimal(18, 5)), 1)
GO
INSERT [dbo].[sys_trace] ([id], [GlobalTraceId], [TraceId], [PreTraceId], [AppNameTarget], [AppName], [TTL], [Request], [Response], [Ip], [Target], [UserId], [Timespan], [Askchannel], [Askrouter], [Askmethod], [Uname], [UseTimeMs], [Rlt]) VALUES (419024379731968, N'94175f1d-0be7-4cbb-9639-33fd4bebd319', N'37be293b-a654-4c19-84b5-ba855e908588', N'', N'ViperService-01', N'ApiGateway', 0, N'{"X-Original-For":"::1:52165","channel":"Anno.Plugs.Logic","router":"Platform","method":"PCenter","profile":"wfzfGLtNOOPVE/UPxh4EH8PHSUh5fWpSJ1iefnMqOehxWaYHWXpysw==","uname":"anno","type":"m","id":"60545176104960","t":"161","TraceId":"37be293b-a654-4c19-84b5-ba855e908588","PreTraceId":"","GlobalTraceId":"94175f1d-0be7-4cbb-9639-33fd4bebd319","AppName":"ApiGateway","Target":"192.168.1.7:7011","AppNameTarget":"ViperService-01","TTL":"0"}', NULL, N'::1:52165', N'192.168.1.7:7011', NULL, CAST(N'2021-07-07T14:07:19.163' AS DateTime), N'Anno.Plugs.Logic', N'Platform', N'PCenter', N'anno', CAST(8.00000 AS Decimal(18, 5)), 1)
GO
INSERT [dbo].[sys_trace] ([id], [GlobalTraceId], [TraceId], [PreTraceId], [AppNameTarget], [AppName], [TTL], [Request], [Response], [Ip], [Target], [UserId], [Timespan], [Askchannel], [Askrouter], [Askmethod], [Uname], [UseTimeMs], [Rlt]) VALUES (419024379731969, N'b0c1b353-88cf-4784-89ad-f68ac4c020af', N'd27ebd24-fae6-4e91-8a3a-2cd1bbf29bf2', N'', N'ViperService-01', N'ApiGateway', 0, N'{"X-Original-For":"::1:60414","channel":"Anno.Plugs.Logic","router":"Platform","method":"GetcurRoles","profile":"wfzfGLtNOOPVE/UPxh4EH8PHSUh5fWpSJ1iefnMqOehxWaYHWXpysw==","uname":"anno","type":"m","uid":"60545176104960","t":"162","TraceId":"d27ebd24-fae6-4e91-8a3a-2cd1bbf29bf2","PreTraceId":"","GlobalTraceId":"b0c1b353-88cf-4784-89ad-f68ac4c020af","AppName":"ApiGateway","Target":"192.168.1.7:7011","AppNameTarget":"ViperService-01","TTL":"0"}', NULL, N'::1:60414', N'192.168.1.7:7011', NULL, CAST(N'2021-07-07T14:07:19.167' AS DateTime), N'Anno.Plugs.Logic', N'Platform', N'GetcurRoles', N'anno', CAST(5.00000 AS Decimal(18, 5)), 1)
GO
INSERT [dbo].[sys_trace] ([id], [GlobalTraceId], [TraceId], [PreTraceId], [AppNameTarget], [AppName], [TTL], [Request], [Response], [Ip], [Target], [UserId], [Timespan], [Askchannel], [Askrouter], [Askmethod], [Uname], [UseTimeMs], [Rlt]) VALUES (419024420712448, N'4313cede-03db-42c0-9418-c91692f5a03a', N'ba024fbc-02d7-4c3e-9785-99b5ee77bdd1', N'', N'ViperService-01', N'ApiGateway', 0, N'{"X-Original-For":"::1:51239","channel":"Anno.Plugs.Logic","router":"Platform","method":"GetAllsys_member","profile":"wfzfGLtNOOPVE/UPxh4EH8PHSUh5fWpSJ1iefnMqOehxWaYHWXpysw==","uname":"anno","where":"{ \\"rules\\": [{ \\"field\\": \\"account\\", \\"op\\": \\"like\\", \\"value\\": \\"\\", \\"type\\": \\"string\\" }], \\"op\\": \\"and\\" }","page":"1","pagesize":"20","t":"819","TraceId":"ba024fbc-02d7-4c3e-9785-99b5ee77bdd1","PreTraceId":"","GlobalTraceId":"4313cede-03db-42c0-9418-c91692f5a03a","AppName":"ApiGateway","Target":"192.168.1.7:7011","AppNameTarget":"ViperService-01","TTL":"0"}', NULL, N'::1:51239', N'192.168.1.7:7011', NULL, CAST(N'2021-07-07T14:07:25.823' AS DateTime), N'Anno.Plugs.Logic', N'Platform', N'GetAllsys_member', N'anno', CAST(30.00000 AS Decimal(18, 5)), 1)
GO
INSERT [dbo].[sys_trace] ([id], [GlobalTraceId], [TraceId], [PreTraceId], [AppNameTarget], [AppName], [TTL], [Request], [Response], [Ip], [Target], [UserId], [Timespan], [Askchannel], [Askrouter], [Askmethod], [Uname], [UseTimeMs], [Rlt]) VALUES (419024461668352, N'8fee9801-9d74-4d76-a273-9b65841d8817', N'07cadca4-acb8-476c-8ff6-eef5e9353ec5', N'', N'ViperService-01', N'ApiGateway', 0, N'{"X-Original-For":"::1:51239","channel":"Anno.Plugs.Logic","router":"Platform","method":"EditState","profile":"wfzfGLtNOOPVE/UPxh4EH8PHSUh5fWpSJ1iefnMqOehxWaYHWXpysw==","uname":"anno","ID":"60545176104960","state":"1","t":"372","TraceId":"07cadca4-acb8-476c-8ff6-eef5e9353ec5","PreTraceId":"","GlobalTraceId":"8fee9801-9d74-4d76-a273-9b65841d8817","AppName":"ApiGateway","Target":"192.168.1.7:7011","AppNameTarget":"ViperService-01","TTL":"0"}', N'{"Status":false,"Msg":"401,Unauthrized","Output":{},"OutputData":401}', N'::1:51239', N'192.168.1.7:7011', NULL, CAST(N'2021-07-07T14:07:31.377' AS DateTime), N'Anno.Plugs.Logic', N'Platform', N'EditState', N'anno', CAST(3.00000 AS Decimal(18, 5)), 0)
GO
INSERT [dbo].[sys_trace] ([id], [GlobalTraceId], [TraceId], [PreTraceId], [AppNameTarget], [AppName], [TTL], [Request], [Response], [Ip], [Target], [UserId], [Timespan], [Askchannel], [Askrouter], [Askmethod], [Uname], [UseTimeMs], [Rlt]) VALUES (419024461668353, N'76ccb2f8-614e-4186-a574-32e7bf97666e', N'326b042f-7597-46d3-af74-5470d00cdce2', N'', N'ViperService-01', N'ApiGateway', 0, N'{"X-Original-For":"::1:51239","channel":"Anno.Plugs.Logic","router":"Platform","method":"EditState","profile":"wfzfGLtNOOPVE/UPxh4EH8PHSUh5fWpSJ1iefnMqOehxWaYHWXpysw==","uname":"anno","ID":"60545176104960","state":"1","t":"832","TraceId":"326b042f-7597-46d3-af74-5470d00cdce2","PreTraceId":"","GlobalTraceId":"76ccb2f8-614e-4186-a574-32e7bf97666e","AppName":"ApiGateway","Target":"192.168.1.7:7011","AppNameTarget":"ViperService-01","TTL":"0"}', N'{"Status":false,"Msg":"401,Unauthrized","Output":{},"OutputData":401}', N'::1:51239', N'192.168.1.7:7011', NULL, CAST(N'2021-07-07T14:07:32.833' AS DateTime), N'Anno.Plugs.Logic', N'Platform', N'EditState', N'anno', CAST(3.00000 AS Decimal(18, 5)), 0)
GO
INSERT [dbo].[sys_trace] ([id], [GlobalTraceId], [TraceId], [PreTraceId], [AppNameTarget], [AppName], [TTL], [Request], [Response], [Ip], [Target], [UserId], [Timespan], [Askchannel], [Askrouter], [Askmethod], [Uname], [UseTimeMs], [Rlt]) VALUES (419024461668354, N'8c45c363-d381-47ea-84cf-39fcf224034d', N'1337c816-d548-4c02-a18d-fe5feae1f5fe', N'', N'ViperService-01', N'ApiGateway', 0, N'{"X-Original-For":"::1:51239","channel":"Anno.Plugs.Logic","router":"Platform","method":"EditState","profile":"wfzfGLtNOOPVE/UPxh4EH8PHSUh5fWpSJ1iefnMqOehxWaYHWXpysw==","uname":"anno","ID":"60545176104960","state":"1","t":"702","TraceId":"1337c816-d548-4c02-a18d-fe5feae1f5fe","PreTraceId":"","GlobalTraceId":"8c45c363-d381-47ea-84cf-39fcf224034d","AppName":"ApiGateway","Target":"192.168.1.7:7011","AppNameTarget":"ViperService-01","TTL":"0"}', N'{"Status":false,"Msg":"401,Unauthrized","Output":{},"OutputData":401}', N'::1:51239', N'192.168.1.7:7011', NULL, CAST(N'2021-07-07T14:07:33.707' AS DateTime), N'Anno.Plugs.Logic', N'Platform', N'EditState', N'anno', CAST(4.00000 AS Decimal(18, 5)), 0)
GO
INSERT [dbo].[sys_trace] ([id], [GlobalTraceId], [TraceId], [PreTraceId], [AppNameTarget], [AppName], [TTL], [Request], [Response], [Ip], [Target], [UserId], [Timespan], [Askchannel], [Askrouter], [Askmethod], [Uname], [UseTimeMs], [Rlt]) VALUES (419024502628352, N'b872efaa-0928-42d2-a858-764d5e1982af', N'b538cb8e-36cb-4afb-ad91-037a2822d057', N'', N'ViperService-01', N'ApiGateway', 0, N'{"X-Original-For":"::1:50928","channel":"Anno.Plugs.Logic","router":"Platform","method":"EditState","profile":"wfzfGLtNOOPVE/UPxh4EH8PHSUh5fWpSJ1iefnMqOehxWaYHWXpysw==","uname":"anno","ID":"393246418690048","state":"0","t":"41","TraceId":"b538cb8e-36cb-4afb-ad91-037a2822d057","PreTraceId":"","GlobalTraceId":"b872efaa-0928-42d2-a858-764d5e1982af","AppName":"ApiGateway","Target":"192.168.1.7:7011","AppNameTarget":"ViperService-01","TTL":"0"}', N'{"Status":false,"Msg":"401,Unauthrized","Output":{},"OutputData":401}', N'::1:50928', N'192.168.1.7:7011', NULL, CAST(N'2021-07-07T14:07:42.047' AS DateTime), N'Anno.Plugs.Logic', N'Platform', N'EditState', N'anno', CAST(11.00000 AS Decimal(18, 5)), 0)
GO
INSERT [dbo].[sys_trace] ([id], [GlobalTraceId], [TraceId], [PreTraceId], [AppNameTarget], [AppName], [TTL], [Request], [Response], [Ip], [Target], [UserId], [Timespan], [Askchannel], [Askrouter], [Askmethod], [Uname], [UseTimeMs], [Rlt]) VALUES (419024502628353, N'f4a71daf-181f-40ae-bcee-dd7295c61e2c', N'ffb64619-5281-4b5c-a96f-46bab7f0227e', N'', N'ViperService-01', N'ApiGateway', 0, N'{"X-Original-For":"::1:62369","channel":"Anno.Plugs.Logic","router":"Platform","method":"EditState","profile":"wfzfGLtNOOPVE/UPxh4EH8PHSUh5fWpSJ1iefnMqOehxWaYHWXpysw==","uname":"anno","ID":"225114735435776","state":"1","t":"744","TraceId":"ffb64619-5281-4b5c-a96f-46bab7f0227e","PreTraceId":"","GlobalTraceId":"f4a71daf-181f-40ae-bcee-dd7295c61e2c","AppName":"ApiGateway","Target":"192.168.1.7:7011","AppNameTarget":"ViperService-01","TTL":"0"}', N'{"Status":false,"Msg":"401,Unauthrized","Output":{},"OutputData":401}', N'::1:62369', N'192.168.1.7:7011', NULL, CAST(N'2021-07-07T14:07:45.753' AS DateTime), N'Anno.Plugs.Logic', N'Platform', N'EditState', N'anno', CAST(14.00000 AS Decimal(18, 5)), 0)
GO
INSERT [dbo].[sys_trace] ([id], [GlobalTraceId], [TraceId], [PreTraceId], [AppNameTarget], [AppName], [TTL], [Request], [Response], [Ip], [Target], [UserId], [Timespan], [Askchannel], [Askrouter], [Askmethod], [Uname], [UseTimeMs], [Rlt]) VALUES (419024543604736, N'e60407c1-b4b0-4bc3-8b02-cd4ab2f9eca1', N'8a0eafad-45da-404d-8f52-32773d23d793', N'', N'ViperService-01', N'ApiGateway', 0, N'{"X-Original-For":"::1:60802","channel":"Anno.Plugs.Logic","router":"Platform","method":"GetcurRoles","profile":"wfzfGLtNOOPVE/UPxh4EH8PHSUh5fWpSJ1iefnMqOehxWaYHWXpysw==","uname":"anno","uid":"-1","t":"546","TraceId":"8a0eafad-45da-404d-8f52-32773d23d793","PreTraceId":"","GlobalTraceId":"e60407c1-b4b0-4bc3-8b02-cd4ab2f9eca1","AppName":"ApiGateway","Target":"192.168.1.7:7011","AppNameTarget":"ViperService-01","TTL":"0"}', NULL, N'::1:60802', N'192.168.1.7:7011', NULL, CAST(N'2021-07-07T14:07:56.553' AS DateTime), N'Anno.Plugs.Logic', N'Platform', N'GetcurRoles', N'anno', CAST(22.00000 AS Decimal(18, 5)), 1)
GO
INSERT [dbo].[sys_trace] ([id], [GlobalTraceId], [TraceId], [PreTraceId], [AppNameTarget], [AppName], [TTL], [Request], [Response], [Ip], [Target], [UserId], [Timespan], [Askchannel], [Askrouter], [Askmethod], [Uname], [UseTimeMs], [Rlt]) VALUES (419024707432448, N'00fec226-b312-4871-935f-1c62f917c9e2', N'11a313f3-867b-40c3-829f-c854dedc5847', N'', N'ViperService-01', N'ApiGateway', 0, N'{"X-Original-For":"::1:63557","channel":"Anno.Plugs.Logic","router":"Platform","method":"AddUser","profile":"wfzfGLtNOOPVE/UPxh4EH8PHSUh5fWpSJ1iefnMqOehxWaYHWXpysw==","uname":"anno","ubase":"{\\"name\\":\\"admin\\",\\"account\\":\\"admin\\",\\"position\\":\\"管理员\\",\\"state\\":\\"1\\",\\"pwd\\":\\"123456\\"}","uroles":"[{\\"name\\":\\"System\\",\\"ID\\":\\"299935790530574\\"},{\\"name\\":\\"管理员\\",\\"ID\\":\\"299935790530575\\"}]","t":"587","TraceId":"11a313f3-867b-40c3-829f-c854dedc5847","PreTraceId":"","GlobalTraceId":"00fec226-b312-4871-935f-1c62f917c9e2","AppName":"ApiGateway","Target":"192.168.1.7:7011","AppNameTarget":"ViperService-01","TTL":"0"}', N'{"Status":false,"Msg":"401,Unauthrized","Output":{},"OutputData":401}', N'::1:63557', N'192.168.1.7:7011', NULL, CAST(N'2021-07-07T14:08:34.600' AS DateTime), N'Anno.Plugs.Logic', N'Platform', N'AddUser', N'anno', CAST(6.00000 AS Decimal(18, 5)), 0)
GO
INSERT [dbo].[sys_trace] ([id], [GlobalTraceId], [TraceId], [PreTraceId], [AppNameTarget], [AppName], [TTL], [Request], [Response], [Ip], [Target], [UserId], [Timespan], [Askchannel], [Askrouter], [Askmethod], [Uname], [UseTimeMs], [Rlt]) VALUES (419024707432449, N'a24dfe57-936c-4c6b-86d3-12c18b6e972f', N'ec7db4f1-fb18-4589-bf94-5537415d007f', N'', N'ViperService-01', N'ApiGateway', 0, N'{"X-Original-For":"::1:58685","channel":"Anno.Plugs.Logic","router":"Platform","method":"AddUser","profile":"wfzfGLtNOOPVE/UPxh4EH8PHSUh5fWpSJ1iefnMqOehxWaYHWXpysw==","uname":"anno","ubase":"{\\"name\\":\\"admin\\",\\"account\\":\\"admin\\",\\"position\\":\\"管理员\\",\\"state\\":\\"1\\",\\"pwd\\":\\"123456\\"}","uroles":"[{\\"name\\":\\"System\\",\\"ID\\":\\"299935790530574\\"},{\\"name\\":\\"管理员\\",\\"ID\\":\\"299935790530575\\"}]","t":"882","TraceId":"ec7db4f1-fb18-4589-bf94-5537415d007f","PreTraceId":"","GlobalTraceId":"a24dfe57-936c-4c6b-86d3-12c18b6e972f","AppName":"ApiGateway","Target":"192.168.1.7:7011","AppNameTarget":"ViperService-01","TTL":"0"}', N'{"Status":false,"Msg":"401,Unauthrized","Output":{},"OutputData":401}', N'::1:58685', N'192.168.1.7:7011', NULL, CAST(N'2021-07-07T14:08:35.890' AS DateTime), N'Anno.Plugs.Logic', N'Platform', N'AddUser', N'anno', CAST(8.00000 AS Decimal(18, 5)), 0)
GO
INSERT [dbo].[sys_trace] ([id], [GlobalTraceId], [TraceId], [PreTraceId], [AppNameTarget], [AppName], [TTL], [Request], [Response], [Ip], [Target], [UserId], [Timespan], [Askchannel], [Askrouter], [Askmethod], [Uname], [UseTimeMs], [Rlt]) VALUES (419024707432450, N'b38c6733-49a9-4118-a671-30da66bd2c3c', N'67ab39e6-c495-41aa-a8c1-8b8e04e2666e', N'', N'ViperService-01', N'ApiGateway', 0, N'{"X-Original-For":"::1:58685","channel":"Anno.Plugs.Logic","router":"Platform","method":"AddUser","profile":"wfzfGLtNOOPVE/UPxh4EH8PHSUh5fWpSJ1iefnMqOehxWaYHWXpysw==","uname":"anno","ubase":"{\\"name\\":\\"admin\\",\\"account\\":\\"admin\\",\\"position\\":\\"管理员\\",\\"state\\":\\"1\\",\\"pwd\\":\\"123456\\"}","uroles":"[{\\"name\\":\\"System\\",\\"ID\\":\\"299935790530574\\"},{\\"name\\":\\"管理员\\",\\"ID\\":\\"299935790530575\\"}]","t":"549","TraceId":"67ab39e6-c495-41aa-a8c1-8b8e04e2666e","PreTraceId":"","GlobalTraceId":"b38c6733-49a9-4118-a671-30da66bd2c3c","AppName":"ApiGateway","Target":"192.168.1.7:7011","AppNameTarget":"ViperService-01","TTL":"0"}', N'{"Status":false,"Msg":"401,Unauthrized","Output":{},"OutputData":401}', N'::1:58685', N'192.168.1.7:7011', NULL, CAST(N'2021-07-07T14:08:36.557' AS DateTime), N'Anno.Plugs.Logic', N'Platform', N'AddUser', N'anno', CAST(9.00000 AS Decimal(18, 5)), 0)
GO
INSERT [dbo].[sys_trace] ([id], [GlobalTraceId], [TraceId], [PreTraceId], [AppNameTarget], [AppName], [TTL], [Request], [Response], [Ip], [Target], [UserId], [Timespan], [Askchannel], [Askrouter], [Askmethod], [Uname], [UseTimeMs], [Rlt]) VALUES (419024748380160, N'58fb25ed-c596-4526-8403-2c3b1ac8740e', N'321b9314-d2ad-484a-ac9c-58b8084aa0d8', N'', N'ViperService-01', N'ApiGateway', 0, N'{"X-Original-For":"::1:58685","channel":"Anno.Plugs.Logic","router":"Platform","method":"PCenter","profile":"wfzfGLtNOOPVE/UPxh4EH8PHSUh5fWpSJ1iefnMqOehxWaYHWXpysw==","uname":"anno","t":"803","TraceId":"321b9314-d2ad-484a-ac9c-58b8084aa0d8","PreTraceId":"","GlobalTraceId":"58fb25ed-c596-4526-8403-2c3b1ac8740e","AppName":"ApiGateway","Target":"192.168.1.7:7011","AppNameTarget":"ViperService-01","TTL":"0"}', NULL, N'::1:58685', N'192.168.1.7:7011', NULL, CAST(N'2021-07-07T14:08:42.807' AS DateTime), N'Anno.Plugs.Logic', N'Platform', N'PCenter', N'anno', CAST(4.00000 AS Decimal(18, 5)), 1)
GO
INSERT [dbo].[sys_trace] ([id], [GlobalTraceId], [TraceId], [PreTraceId], [AppNameTarget], [AppName], [TTL], [Request], [Response], [Ip], [Target], [UserId], [Timespan], [Askchannel], [Askrouter], [Askmethod], [Uname], [UseTimeMs], [Rlt]) VALUES (419024748380161, N'93662c9a-7283-4c25-ad94-d5462a469efb', N'2ab3a0e4-a50e-4eb6-a6e4-55d4b9005d63', N'', N'ViperService-01', N'ApiGateway', 0, N'{"X-Original-For":"::1:53024","channel":"Anno.Plugs.Logic","router":"Platform","method":"GetcurRoles","profile":"wfzfGLtNOOPVE/UPxh4EH8PHSUh5fWpSJ1iefnMqOehxWaYHWXpysw==","uname":"anno","uid":"210527169232896","t":"804","TraceId":"2ab3a0e4-a50e-4eb6-a6e4-55d4b9005d63","PreTraceId":"","GlobalTraceId":"93662c9a-7283-4c25-ad94-d5462a469efb","AppName":"ApiGateway","Target":"192.168.1.7:7011","AppNameTarget":"ViperService-01","TTL":"0"}', NULL, N'::1:53024', N'192.168.1.7:7011', NULL, CAST(N'2021-07-07T14:08:42.807' AS DateTime), N'Anno.Plugs.Logic', N'Platform', N'GetcurRoles', N'anno', CAST(5.00000 AS Decimal(18, 5)), 1)
GO
INSERT [dbo].[sys_trace] ([id], [GlobalTraceId], [TraceId], [PreTraceId], [AppNameTarget], [AppName], [TTL], [Request], [Response], [Ip], [Target], [UserId], [Timespan], [Askchannel], [Askrouter], [Askmethod], [Uname], [UseTimeMs], [Rlt]) VALUES (419024830312448, N'57c7618d-d9e5-4436-89fe-e8f95e27f4cb', N'5cab16ba-867d-4d5d-961f-5f979d83b316', N'', N'ViperService-01', N'ApiGateway', 0, N'{"X-Original-For":"::1:64205","channel":"Anno.Plugs.Logic","router":"Platform","method":"Login","account":"anno","pwd":"123456","t":"610","TraceId":"5cab16ba-867d-4d5d-961f-5f979d83b316","PreTraceId":"","GlobalTraceId":"57c7618d-d9e5-4436-89fe-e8f95e27f4cb","AppName":"ApiGateway","Target":"192.168.1.7:7011","AppNameTarget":"ViperService-01","TTL":"0"}', NULL, N'::1:64205', N'192.168.1.7:7011', NULL, CAST(N'2021-07-07T14:09:05.613' AS DateTime), N'Anno.Plugs.Logic', N'Platform', N'Login', NULL, CAST(10.00000 AS Decimal(18, 5)), 1)
GO
INSERT [dbo].[sys_trace] ([id], [GlobalTraceId], [TraceId], [PreTraceId], [AppNameTarget], [AppName], [TTL], [Request], [Response], [Ip], [Target], [UserId], [Timespan], [Askchannel], [Askrouter], [Askmethod], [Uname], [UseTimeMs], [Rlt]) VALUES (419024830312449, N'03952acf-195b-4360-b0e8-f19414d09a59', N'400adc3e-390c-4623-9927-b1fb1c8f81f8', N'', N'ViperService-01', N'ApiGateway', 0, N'{"X-Original-For":"::1:49164","channel":"Anno.Plugs.Logic","router":"Platform","method":"GetUsrFc","profile":"wfzfGLtNOOPVE/UPxh4EH8PHSUh5fWpSJ1iefnMqOeg92BbOwyTGfg==","uname":"anno","t":"675","TraceId":"400adc3e-390c-4623-9927-b1fb1c8f81f8","PreTraceId":"","GlobalTraceId":"03952acf-195b-4360-b0e8-f19414d09a59","AppName":"ApiGateway","Target":"192.168.1.7:7011","AppNameTarget":"ViperService-01","TTL":"0"}', NULL, N'::1:49164', N'192.168.1.7:7011', NULL, CAST(N'2021-07-07T14:09:05.677' AS DateTime), N'Anno.Plugs.Logic', N'Platform', N'GetUsrFc', N'anno', CAST(3.00000 AS Decimal(18, 5)), 1)
GO
INSERT [dbo].[sys_trace] ([id], [GlobalTraceId], [TraceId], [PreTraceId], [AppNameTarget], [AppName], [TTL], [Request], [Response], [Ip], [Target], [UserId], [Timespan], [Askchannel], [Askrouter], [Askmethod], [Uname], [UseTimeMs], [Rlt]) VALUES (419024830312450, N'641cc798-04aa-48b9-9db0-ae51431c95ec', N'0626071b-cb44-4163-b600-74208fdff817', N'', N'ViperService-01', N'ApiGateway', 0, N'{"X-Original-For":"::1:49164","channel":"Anno.Plugs.Logic","router":"Platform","method":"GetFunc","profile":"wfzfGLtNOOPVE/UPxh4EH8PHSUh5fWpSJ1iefnMqOeg92BbOwyTGfg==","uname":"anno","t":"682","TraceId":"0626071b-cb44-4163-b600-74208fdff817","PreTraceId":"","GlobalTraceId":"641cc798-04aa-48b9-9db0-ae51431c95ec","AppName":"ApiGateway","Target":"192.168.1.7:7011","AppNameTarget":"ViperService-01","TTL":"0"}', NULL, N'::1:49164', N'192.168.1.7:7011', NULL, CAST(N'2021-07-07T14:09:05.683' AS DateTime), N'Anno.Plugs.Logic', N'Platform', N'GetFunc', N'anno', CAST(4.00000 AS Decimal(18, 5)), 1)
GO
INSERT [dbo].[sys_trace] ([id], [GlobalTraceId], [TraceId], [PreTraceId], [AppNameTarget], [AppName], [TTL], [Request], [Response], [Ip], [Target], [UserId], [Timespan], [Askchannel], [Askrouter], [Askmethod], [Uname], [UseTimeMs], [Rlt]) VALUES (419024830312451, N'970a892f-f092-47d8-aeca-24048897bfd7', N'3712d013-e1fe-456a-aea0-5bdb6b658552', N'', N'ViperService-01', N'ApiGateway', 0, N'{"X-Original-For":"::1:49164","channel":"Anno.Plugs.Logic","router":"Report","method":"GetServiceReport","profile":"wfzfGLtNOOPVE/UPxh4EH8PHSUh5fWpSJ1iefnMqOeg92BbOwyTGfg==","uname":"anno","t":"41","TraceId":"3712d013-e1fe-456a-aea0-5bdb6b658552","PreTraceId":"","GlobalTraceId":"970a892f-f092-47d8-aeca-24048897bfd7","AppName":"ApiGateway","Target":"192.168.1.7:7011","AppNameTarget":"ViperService-01","TTL":"0"}', NULL, N'::1:49164', N'192.168.1.7:7011', NULL, CAST(N'2021-07-07T14:09:06.043' AS DateTime), N'Anno.Plugs.Logic', N'Report', N'GetServiceReport', N'anno', CAST(4.00000 AS Decimal(18, 5)), 1)
GO
INSERT [dbo].[sys_trace] ([id], [GlobalTraceId], [TraceId], [PreTraceId], [AppNameTarget], [AppName], [TTL], [Request], [Response], [Ip], [Target], [UserId], [Timespan], [Askchannel], [Askrouter], [Askmethod], [Uname], [UseTimeMs], [Rlt]) VALUES (419024871284736, N'2034c1e1-e10f-4ab5-92f4-9a7e9732ac56', N'4a1874bb-3022-40f1-a374-78365bba7c0f', N'', N'ViperService-01', N'ApiGateway', 0, N'{"X-Original-For":"::1:52472","channel":"Anno.Plugs.Trace","router":"Router","method":"GetServiceInstances","profile":"wfzfGLtNOOPVE/UPxh4EH8PHSUh5fWpSJ1iefnMqOeg92BbOwyTGfg==","uname":"anno","t":"300","TraceId":"4a1874bb-3022-40f1-a374-78365bba7c0f","PreTraceId":"","GlobalTraceId":"2034c1e1-e10f-4ab5-92f4-9a7e9732ac56","AppName":"ApiGateway","Target":"192.168.1.7:7011","AppNameTarget":"ViperService-01","TTL":"0"}', NULL, N'::1:52472', N'192.168.1.7:7011', NULL, CAST(N'2021-07-07T14:09:16.303' AS DateTime), N'Anno.Plugs.Trace', N'Router', N'GetServiceInstances', N'anno', CAST(3.00000 AS Decimal(18, 5)), 1)
GO
INSERT [dbo].[sys_trace] ([id], [GlobalTraceId], [TraceId], [PreTraceId], [AppNameTarget], [AppName], [TTL], [Request], [Response], [Ip], [Target], [UserId], [Timespan], [Askchannel], [Askrouter], [Askmethod], [Uname], [UseTimeMs], [Rlt]) VALUES (419024912232448, N'81320483-3a6d-4573-84a7-3dc0dfb731ef', N'843027f9-8a29-4619-b5e1-a0aac2f1ca43', N'', N'ViperService-01', N'ApiGateway', 0, N'{"X-Original-For":"::1:53847","channel":"Anno.Plugs.Logic","router":"Platform","method":"Get_all_power","profile":"wfzfGLtNOOPVE/UPxh4EH8PHSUh5fWpSJ1iefnMqOeg92BbOwyTGfg==","uname":"anno","t":"790","TraceId":"843027f9-8a29-4619-b5e1-a0aac2f1ca43","PreTraceId":"","GlobalTraceId":"81320483-3a6d-4573-84a7-3dc0dfb731ef","AppName":"ApiGateway","Target":"192.168.1.7:7011","AppNameTarget":"ViperService-01","TTL":"0"}', NULL, N'::1:53847', N'192.168.1.7:7011', NULL, CAST(N'2021-07-07T14:09:26.800' AS DateTime), N'Anno.Plugs.Logic', N'Platform', N'Get_all_power', N'anno', CAST(4.00000 AS Decimal(18, 5)), 1)
GO
INSERT [dbo].[sys_trace] ([id], [GlobalTraceId], [TraceId], [PreTraceId], [AppNameTarget], [AppName], [TTL], [Request], [Response], [Ip], [Target], [UserId], [Timespan], [Askchannel], [Askrouter], [Askmethod], [Uname], [UseTimeMs], [Rlt]) VALUES (419027287904256, N'1adc700e-7fbd-4212-93a8-f584ac35cf04', N'c4809f54-a885-4aa4-a2b2-c02ee25ff2e0', N'', N'ViperService-01', N'ApiGateway', 0, N'{"X-Original-For":"::1:55832","channel":"Anno.Plugs.Trace","router":"Router","method":"GetRoutingInfo","profile":"wfzfGLtNOOPVE/UPxh4EH8PHSUh5fWpSJ1iefnMqOeg92BbOwyTGfg==","uname":"anno","appName":"HelloWorld","t":"740","TraceId":"c4809f54-a885-4aa4-a2b2-c02ee25ff2e0","PreTraceId":"","GlobalTraceId":"1adc700e-7fbd-4212-93a8-f584ac35cf04","AppName":"ApiGateway","Target":"192.168.1.7:7011","AppNameTarget":"ViperService-01","TTL":"0"}', NULL, N'::1:55832', N'192.168.1.7:7011', NULL, CAST(N'2021-07-07T14:19:04.747' AS DateTime), N'Anno.Plugs.Trace', N'Router', N'GetRoutingInfo', N'anno', CAST(6.00000 AS Decimal(18, 5)), 1)
GO
INSERT [dbo].[sys_trace] ([id], [GlobalTraceId], [TraceId], [PreTraceId], [AppNameTarget], [AppName], [TTL], [Request], [Response], [Ip], [Target], [UserId], [Timespan], [Askchannel], [Askrouter], [Askmethod], [Uname], [UseTimeMs], [Rlt]) VALUES (419027615604736, N'462efbf3-7420-4498-8523-5ca7f836f8c4', N'e1bf7945-5de1-474d-a12f-e22452ae2405', N'', N'ViperService-01', N'ApiGateway', 0, N'{"X-Original-For":"::1:54906","channel":"Anno.Plugs.Trace","router":"Router","method":"GetRoutingInfo","profile":"wfzfGLtNOOPVE/UPxh4EH8PHSUh5fWpSJ1iefnMqOeg92BbOwyTGfg==","uname":"anno","appName":"HelloWorld","t":"523","TraceId":"e1bf7945-5de1-474d-a12f-e22452ae2405","PreTraceId":"","GlobalTraceId":"462efbf3-7420-4498-8523-5ca7f836f8c4","AppName":"ApiGateway","Target":"192.168.1.7:7011","AppNameTarget":"ViperService-01","TTL":"0"}', NULL, N'::1:54906', N'192.168.1.7:7011', NULL, CAST(N'2021-07-07T14:20:27.527' AS DateTime), N'Anno.Plugs.Trace', N'Router', N'GetRoutingInfo', N'anno', CAST(8.00000 AS Decimal(18, 5)), 1)
GO
INSERT [dbo].[sys_trace] ([id], [GlobalTraceId], [TraceId], [PreTraceId], [AppNameTarget], [AppName], [TTL], [Request], [Response], [Ip], [Target], [UserId], [Timespan], [Askchannel], [Askrouter], [Askmethod], [Uname], [UseTimeMs], [Rlt]) VALUES (419027738488832, N'9e55980a-8c77-4145-a68f-dc526dbcc363', N'270f5f6a-5fee-41a4-b310-b8c6651d2134', N'', N'HelloWorld', N'ApiGateway', 0, N'{"X-Original-For":"::1:50398","channel":"Anno.Plugs.HelloWorld","router":"HelloWorldViper","method":"LogSamples","profile":"wfzfGLtNOOPVE/UPxh4EH8PHSUh5fWpSJ1iefnMqOeg92BbOwyTGfg==","uname":"anno","x":"2","y":"3","t":"745","TraceId":"270f5f6a-5fee-41a4-b310-b8c6651d2134","PreTraceId":"","GlobalTraceId":"9e55980a-8c77-4145-a68f-dc526dbcc363","AppName":"ApiGateway","Target":"192.168.1.7:7012","AppNameTarget":"HelloWorld","TTL":"0"}', NULL, N'::1:50398', N'192.168.1.7:7012', NULL, CAST(N'2021-07-07T14:20:50.750' AS DateTime), N'Anno.Plugs.HelloWorld', N'HelloWorldViper', N'LogSamples', N'anno', CAST(184.00000 AS Decimal(18, 5)), 1)
GO
INSERT [dbo].[sys_trace] ([id], [GlobalTraceId], [TraceId], [PreTraceId], [AppNameTarget], [AppName], [TTL], [Request], [Response], [Ip], [Target], [UserId], [Timespan], [Askchannel], [Askrouter], [Askmethod], [Uname], [UseTimeMs], [Rlt]) VALUES (419027738488833, N'bacf4e6a-d10f-4f0d-82ad-ca6fa8a22537', N'4de5179f-1d72-4040-9d5e-8ebd70090bd3', N'', N'HelloWorld', N'ApiGateway', 0, N'{"X-Original-For":"::1:62679","channel":"Anno.Plugs.HelloWorld","router":"HelloWorldViper","method":"LogSamples","profile":"wfzfGLtNOOPVE/UPxh4EH8PHSUh5fWpSJ1iefnMqOeg92BbOwyTGfg==","uname":"anno","x":"2","y":"3","t":"659","TraceId":"4de5179f-1d72-4040-9d5e-8ebd70090bd3","PreTraceId":"","GlobalTraceId":"bacf4e6a-d10f-4f0d-82ad-ca6fa8a22537","AppName":"ApiGateway","Target":"192.168.1.7:7012","AppNameTarget":"HelloWorld","TTL":"0"}', NULL, N'::1:62679', N'192.168.1.7:7012', NULL, CAST(N'2021-07-07T14:20:58.667' AS DateTime), N'Anno.Plugs.HelloWorld', N'HelloWorldViper', N'LogSamples', N'anno', CAST(39.00000 AS Decimal(18, 5)), 1)
GO
INSERT [dbo].[sys_trace] ([id], [GlobalTraceId], [TraceId], [PreTraceId], [AppNameTarget], [AppName], [TTL], [Request], [Response], [Ip], [Target], [UserId], [Timespan], [Askchannel], [Askrouter], [Askmethod], [Uname], [UseTimeMs], [Rlt]) VALUES (419027738488834, N'25cb8dd9-14a8-4dff-a362-442f354cb331', N'a7e52db1-50fd-4d56-9075-844d398a9284', N'', N'HelloWorld', N'ApiGateway', 0, N'{"X-Original-For":"::1:62679","channel":"Anno.Plugs.HelloWorld","router":"HelloWorldViper","method":"LogSamples","profile":"wfzfGLtNOOPVE/UPxh4EH8PHSUh5fWpSJ1iefnMqOeg92BbOwyTGfg==","uname":"anno","x":"2","y":"3","t":"431","TraceId":"a7e52db1-50fd-4d56-9075-844d398a9284","PreTraceId":"","GlobalTraceId":"25cb8dd9-14a8-4dff-a362-442f354cb331","AppName":"ApiGateway","Target":"192.168.1.7:7012","AppNameTarget":"HelloWorld","TTL":"0"}', NULL, N'::1:62679', N'192.168.1.7:7012', NULL, CAST(N'2021-07-07T14:20:59.433' AS DateTime), N'Anno.Plugs.HelloWorld', N'HelloWorldViper', N'LogSamples', N'anno', CAST(24.00000 AS Decimal(18, 5)), 1)
GO
INSERT [dbo].[sys_trace] ([id], [GlobalTraceId], [TraceId], [PreTraceId], [AppNameTarget], [AppName], [TTL], [Request], [Response], [Ip], [Target], [UserId], [Timespan], [Askchannel], [Askrouter], [Askmethod], [Uname], [UseTimeMs], [Rlt]) VALUES (419027738488835, N'b21440fc-36f0-4d52-94cf-38170de50d8e', N'b5829c41-d98b-4f3b-aebd-37ac72d9ef92', N'', N'HelloWorld', N'ApiGateway', 0, N'{"X-Original-For":"::1:62679","channel":"Anno.Plugs.HelloWorld","router":"HelloWorldViper","method":"LogSamples","profile":"wfzfGLtNOOPVE/UPxh4EH8PHSUh5fWpSJ1iefnMqOeg92BbOwyTGfg==","uname":"anno","x":"2","y":"3","t":"150","TraceId":"b5829c41-d98b-4f3b-aebd-37ac72d9ef92","PreTraceId":"","GlobalTraceId":"b21440fc-36f0-4d52-94cf-38170de50d8e","AppName":"ApiGateway","Target":"192.168.1.7:7012","AppNameTarget":"HelloWorld","TTL":"0"}', NULL, N'::1:62679', N'192.168.1.7:7012', NULL, CAST(N'2021-07-07T14:21:00.153' AS DateTime), N'Anno.Plugs.HelloWorld', N'HelloWorldViper', N'LogSamples', N'anno', CAST(23.00000 AS Decimal(18, 5)), 1)
GO
INSERT [dbo].[sys_trace] ([id], [GlobalTraceId], [TraceId], [PreTraceId], [AppNameTarget], [AppName], [TTL], [Request], [Response], [Ip], [Target], [UserId], [Timespan], [Askchannel], [Askrouter], [Askmethod], [Uname], [UseTimeMs], [Rlt]) VALUES (419027738488836, N'773a2544-5bb5-45e4-a147-b89e6ba14d19', N'8b1baab4-be4e-4f3d-8b37-09b3d09d067d', N'', N'HelloWorld', N'ApiGateway', 0, N'{"X-Original-For":"::1:62679","channel":"Anno.Plugs.HelloWorld","router":"HelloWorldViper","method":"LogSamples","profile":"wfzfGLtNOOPVE/UPxh4EH8PHSUh5fWpSJ1iefnMqOeg92BbOwyTGfg==","uname":"anno","x":"2","y":"3","t":"695","TraceId":"8b1baab4-be4e-4f3d-8b37-09b3d09d067d","PreTraceId":"","GlobalTraceId":"773a2544-5bb5-45e4-a147-b89e6ba14d19","AppName":"ApiGateway","Target":"192.168.1.7:7012","AppNameTarget":"HelloWorld","TTL":"0"}', NULL, N'::1:62679', N'192.168.1.7:7012', NULL, CAST(N'2021-07-07T14:21:00.700' AS DateTime), N'Anno.Plugs.HelloWorld', N'HelloWorldViper', N'LogSamples', N'anno', CAST(34.00000 AS Decimal(18, 5)), 1)
GO
INSERT [dbo].[sys_trace] ([id], [GlobalTraceId], [TraceId], [PreTraceId], [AppNameTarget], [AppName], [TTL], [Request], [Response], [Ip], [Target], [UserId], [Timespan], [Askchannel], [Askrouter], [Askmethod], [Uname], [UseTimeMs], [Rlt]) VALUES (419027779428352, N'256c0d75-9b37-49b4-a486-ff1cd19c192b', N'7ca10b16-06dc-43af-a5e4-a992c93e12c7', N'', N'HelloWorld', N'ApiGateway', 0, N'{"X-Original-For":"::1:62679","channel":"Anno.Plugs.HelloWorld","router":"HelloWorldViper","method":"LogSamples","profile":"wfzfGLtNOOPVE/UPxh4EH8PHSUh5fWpSJ1iefnMqOeg92BbOwyTGfg==","uname":"anno","x":"2","y":"3","t":"362","TraceId":"7ca10b16-06dc-43af-a5e4-a992c93e12c7","PreTraceId":"","GlobalTraceId":"256c0d75-9b37-49b4-a486-ff1cd19c192b","AppName":"ApiGateway","Target":"192.168.1.7:7012","AppNameTarget":"HelloWorld","TTL":"0"}', NULL, N'::1:62679', N'192.168.1.7:7012', NULL, CAST(N'2021-07-07T14:21:01.367' AS DateTime), N'Anno.Plugs.HelloWorld', N'HelloWorldViper', N'LogSamples', N'anno', CAST(36.00000 AS Decimal(18, 5)), 1)
GO
INSERT [dbo].[sys_trace] ([id], [GlobalTraceId], [TraceId], [PreTraceId], [AppNameTarget], [AppName], [TTL], [Request], [Response], [Ip], [Target], [UserId], [Timespan], [Askchannel], [Askrouter], [Askmethod], [Uname], [UseTimeMs], [Rlt]) VALUES (419027779428353, N'07ac8fc9-b266-4f0c-98cf-abe0a1eb2262', N'2b091d57-ea23-408a-a596-7b64432664c4', N'', N'HelloWorld', N'ApiGateway', 0, N'{"X-Original-For":"::1:62679","channel":"Anno.Plugs.HelloWorld","router":"HelloWorldViper","method":"LogSamples","profile":"wfzfGLtNOOPVE/UPxh4EH8PHSUh5fWpSJ1iefnMqOeg92BbOwyTGfg==","uname":"anno","x":"2","y":"3","t":"611","TraceId":"2b091d57-ea23-408a-a596-7b64432664c4","PreTraceId":"","GlobalTraceId":"07ac8fc9-b266-4f0c-98cf-abe0a1eb2262","AppName":"ApiGateway","Target":"192.168.1.7:7012","AppNameTarget":"HelloWorld","TTL":"0"}', NULL, N'::1:62679', N'192.168.1.7:7012', NULL, CAST(N'2021-07-07T14:21:01.617' AS DateTime), N'Anno.Plugs.HelloWorld', N'HelloWorldViper', N'LogSamples', N'anno', CAST(52.00000 AS Decimal(18, 5)), 1)
GO
INSERT [dbo].[sys_trace] ([id], [GlobalTraceId], [TraceId], [PreTraceId], [AppNameTarget], [AppName], [TTL], [Request], [Response], [Ip], [Target], [UserId], [Timespan], [Askchannel], [Askrouter], [Askmethod], [Uname], [UseTimeMs], [Rlt]) VALUES (419027779428354, N'715c662f-e0f1-4e30-a8f7-60c7b23897d6', N'ba32beea-4da7-482d-a152-f131489da201', N'', N'HelloWorld', N'ApiGateway', 0, N'{"X-Original-For":"::1:62679","channel":"Anno.Plugs.HelloWorld","router":"HelloWorldViper","method":"LogSamples","profile":"wfzfGLtNOOPVE/UPxh4EH8PHSUh5fWpSJ1iefnMqOeg92BbOwyTGfg==","uname":"anno","x":"2","y":"3","t":"57","TraceId":"ba32beea-4da7-482d-a152-f131489da201","PreTraceId":"","GlobalTraceId":"715c662f-e0f1-4e30-a8f7-60c7b23897d6","AppName":"ApiGateway","Target":"192.168.1.7:7012","AppNameTarget":"HelloWorld","TTL":"0"}', NULL, N'::1:62679', N'192.168.1.7:7012', NULL, CAST(N'2021-07-07T14:21:03.063' AS DateTime), N'Anno.Plugs.HelloWorld', N'HelloWorldViper', N'LogSamples', N'anno', CAST(35.00000 AS Decimal(18, 5)), 1)
GO
INSERT [dbo].[sys_trace] ([id], [GlobalTraceId], [TraceId], [PreTraceId], [AppNameTarget], [AppName], [TTL], [Request], [Response], [Ip], [Target], [UserId], [Timespan], [Askchannel], [Askrouter], [Askmethod], [Uname], [UseTimeMs], [Rlt]) VALUES (419027779428355, N'7acfcf56-8cf9-42e9-9ea0-dc54a628b6cf', N'fa45ea6e-aaad-4196-9a0a-0a42b29e9fe8', N'', N'HelloWorld', N'ApiGateway', 0, N'{"X-Original-For":"::1:62679","channel":"Anno.Plugs.HelloWorld","router":"HelloWorldViper","method":"LogSamples","profile":"wfzfGLtNOOPVE/UPxh4EH8PHSUh5fWpSJ1iefnMqOeg92BbOwyTGfg==","uname":"anno","x":"2","y":"3","t":"154","TraceId":"fa45ea6e-aaad-4196-9a0a-0a42b29e9fe8","PreTraceId":"","GlobalTraceId":"7acfcf56-8cf9-42e9-9ea0-dc54a628b6cf","AppName":"ApiGateway","Target":"192.168.1.7:7012","AppNameTarget":"HelloWorld","TTL":"0"}', NULL, N'::1:62679', N'192.168.1.7:7012', NULL, CAST(N'2021-07-07T14:21:04.160' AS DateTime), N'Anno.Plugs.HelloWorld', N'HelloWorldViper', N'LogSamples', N'anno', CAST(36.00000 AS Decimal(18, 5)), 1)
GO
INSERT [dbo].[sys_trace] ([id], [GlobalTraceId], [TraceId], [PreTraceId], [AppNameTarget], [AppName], [TTL], [Request], [Response], [Ip], [Target], [UserId], [Timespan], [Askchannel], [Askrouter], [Askmethod], [Uname], [UseTimeMs], [Rlt]) VALUES (419027779428356, N'a46800a1-d9b3-48b7-a051-7138d0326d4a', N'8dfcee22-df67-4db3-9bc4-e4860b9048eb', N'', N'HelloWorld', N'ApiGateway', 0, N'{"X-Original-For":"::1:59009","channel":"Anno.Plugs.HelloWorld","router":"HelloWorldViper","method":"LogSamples","profile":"wfzfGLtNOOPVE/UPxh4EH8PHSUh5fWpSJ1iefnMqOeg92BbOwyTGfg==","uname":"anno","x":"2","y":"3","t":"530","TraceId":"8dfcee22-df67-4db3-9bc4-e4860b9048eb","PreTraceId":"","GlobalTraceId":"a46800a1-d9b3-48b7-a051-7138d0326d4a","AppName":"ApiGateway","Target":"192.168.1.7:7012","AppNameTarget":"HelloWorld","TTL":"0"}', NULL, N'::1:59009', N'192.168.1.7:7012', NULL, CAST(N'2021-07-07T14:21:06.537' AS DateTime), N'Anno.Plugs.HelloWorld', N'HelloWorldViper', N'LogSamples', N'anno', CAST(55.00000 AS Decimal(18, 5)), 1)
GO
INSERT [dbo].[sys_trace] ([id], [GlobalTraceId], [TraceId], [PreTraceId], [AppNameTarget], [AppName], [TTL], [Request], [Response], [Ip], [Target], [UserId], [Timespan], [Askchannel], [Askrouter], [Askmethod], [Uname], [UseTimeMs], [Rlt]) VALUES (419027902304256, N'2868200d-4ea0-4b83-8d4f-a4da79a3d173', N'0765a09b-dcb6-4c4d-a014-82e8135f5451', N'', N'HelloWorld', N'ApiGateway', 0, N'{"X-Original-For":"::1:52329","channel":"Anno.Plugs.SoEasy","router":"AnnoSoEasy","method":"SayHi","profile":"wfzfGLtNOOPVE/UPxh4EH8PHSUh5fWpSJ1iefnMqOeg92BbOwyTGfg==","uname":"anno","vname":"111","vage":"","t":"844","TraceId":"0765a09b-dcb6-4c4d-a014-82e8135f5451","PreTraceId":"","GlobalTraceId":"2868200d-4ea0-4b83-8d4f-a4da79a3d173","AppName":"ApiGateway","Target":"192.168.1.7:7012","AppNameTarget":"HelloWorld","TTL":"0"}', N'{"Status":false,"Msg":"Input string was not in a correct format.","Output":{},"OutputData":null}', N'::1:52329', N'192.168.1.7:7012', NULL, CAST(N'2021-07-07T14:21:35.853' AS DateTime), N'Anno.Plugs.SoEasy', N'AnnoSoEasy', N'SayHi', N'anno', CAST(439.00000 AS Decimal(18, 5)), 0)
GO
INSERT [dbo].[sys_trace] ([id], [GlobalTraceId], [TraceId], [PreTraceId], [AppNameTarget], [AppName], [TTL], [Request], [Response], [Ip], [Target], [UserId], [Timespan], [Askchannel], [Askrouter], [Askmethod], [Uname], [UseTimeMs], [Rlt]) VALUES (419027984207872, N'a664e0d9-df03-4cc9-a058-f4718402f37a', N'1e81e5cc-4e3d-4655-8880-49170b9b140e', N'', N'HelloWorld', N'ApiGateway', 0, N'{"X-Original-For":"::1:51194","channel":"Anno.Plugs.SoEasy","router":"AnnoSoEasy","method":"SayHi","profile":"wfzfGLtNOOPVE/UPxh4EH8PHSUh5fWpSJ1iefnMqOeg92BbOwyTGfg==","uname":"anno","vname":"111","vage":"25","t":"367","TraceId":"1e81e5cc-4e3d-4655-8880-49170b9b140e","PreTraceId":"","GlobalTraceId":"a664e0d9-df03-4cc9-a058-f4718402f37a","AppName":"ApiGateway","Target":"192.168.1.7:7012","AppNameTarget":"HelloWorld","TTL":"0"}', NULL, N'::1:51194', N'192.168.1.7:7012', NULL, CAST(N'2021-07-07T14:21:53.377' AS DateTime), N'Anno.Plugs.SoEasy', N'AnnoSoEasy', N'SayHi', N'anno', CAST(6.00000 AS Decimal(18, 5)), 1)
GO
INSERT [dbo].[sys_trace] ([id], [GlobalTraceId], [TraceId], [PreTraceId], [AppNameTarget], [AppName], [TTL], [Request], [Response], [Ip], [Target], [UserId], [Timespan], [Askchannel], [Askrouter], [Askmethod], [Uname], [UseTimeMs], [Rlt]) VALUES (419320724660224, N'f4341180-9dd5-4c59-92f7-17f8076137ab', N'f9409d4b-b34d-4e09-99a3-8798be068fcb', N'', N'ViperService-01', N'ApiGateway', 0, N'{"X-Original-For":"::1:61144","channel":"Anno.Plugs.Logic","router":"Platform","method":"GetUsrFc","profile":"wfzfGLtNOOPVE/UPxh4EH8PHSUh5fWpSLHA/URZjvZW2AqIzAmvmtw==","uname":"anno","t":"199","TraceId":"f9409d4b-b34d-4e09-99a3-8798be068fcb","PreTraceId":"","GlobalTraceId":"f4341180-9dd5-4c59-92f7-17f8076137ab","AppName":"ApiGateway","Target":"192.168.1.7:7011","AppNameTarget":"ViperService-01","TTL":"0"}', NULL, N'::1:61144', N'192.168.1.7:7011', NULL, CAST(N'2021-07-08T10:13:01.203' AS DateTime), N'Anno.Plugs.Logic', N'Platform', N'GetUsrFc', N'anno', CAST(364.22180 AS Decimal(18, 5)), 1)
GO
INSERT [dbo].[sys_trace] ([id], [GlobalTraceId], [TraceId], [PreTraceId], [AppNameTarget], [AppName], [TTL], [Request], [Response], [Ip], [Target], [UserId], [Timespan], [Askchannel], [Askrouter], [Askmethod], [Uname], [UseTimeMs], [Rlt]) VALUES (419320724664320, N'0b0192ca-0d19-4390-965f-4a0fbf07d138', N'05d3efa6-de9c-4944-a3bf-ca72232d2f32', N'', N'ViperService-01', N'ApiGateway', 0, N'{"X-Original-For":"::1:61144","channel":"Anno.Plugs.Logic","router":"Platform","method":"GetFunc","profile":"wfzfGLtNOOPVE/UPxh4EH8PHSUh5fWpSLHA/URZjvZW2AqIzAmvmtw==","uname":"anno","t":"567","TraceId":"05d3efa6-de9c-4944-a3bf-ca72232d2f32","PreTraceId":"","GlobalTraceId":"0b0192ca-0d19-4390-965f-4a0fbf07d138","AppName":"ApiGateway","Target":"192.168.1.7:7011","AppNameTarget":"ViperService-01","TTL":"0"}', NULL, N'::1:61144', N'192.168.1.7:7011', NULL, CAST(N'2021-07-08T10:13:01.570' AS DateTime), N'Anno.Plugs.Logic', N'Platform', N'GetFunc', N'anno', CAST(34.73910 AS Decimal(18, 5)), 1)
GO
INSERT [dbo].[sys_trace] ([id], [GlobalTraceId], [TraceId], [PreTraceId], [AppNameTarget], [AppName], [TTL], [Request], [Response], [Ip], [Target], [UserId], [Timespan], [Askchannel], [Askrouter], [Askmethod], [Uname], [UseTimeMs], [Rlt]) VALUES (419320724664321, N'd727cc9c-5f1b-4bb2-95a5-2ddbf002a946', N'd65d848f-ca71-4298-9644-b7f4370e219a', N'', N'ViperService-01', N'ApiGateway', 0, N'{"X-Original-For":"::1:61144","channel":"Anno.Plugs.Logic","router":"Report","method":"GetServiceReport","profile":"wfzfGLtNOOPVE/UPxh4EH8PHSUh5fWpSLHA/URZjvZW2AqIzAmvmtw==","uname":"anno","t":"775","TraceId":"d65d848f-ca71-4298-9644-b7f4370e219a","PreTraceId":"","GlobalTraceId":"d727cc9c-5f1b-4bb2-95a5-2ddbf002a946","AppName":"ApiGateway","Target":"192.168.1.7:7011","AppNameTarget":"ViperService-01","TTL":"0"}', NULL, N'::1:61144', N'192.168.1.7:7011', NULL, CAST(N'2021-07-08T10:13:01.777' AS DateTime), N'Anno.Plugs.Logic', N'Report', N'GetServiceReport', N'anno', CAST(22.75110 AS Decimal(18, 5)), 1)
GO
INSERT [dbo].[sys_trace] ([id], [GlobalTraceId], [TraceId], [PreTraceId], [AppNameTarget], [AppName], [TTL], [Request], [Response], [Ip], [Target], [UserId], [Timespan], [Askchannel], [Askrouter], [Askmethod], [Uname], [UseTimeMs], [Rlt]) VALUES (419320724664322, N'65781dfb-d07b-4fb0-bfeb-4c5a0c4ce7e0', N'03a8cc1a-028c-4e80-97ef-369be24c1c28', N'', N'ViperService-01', N'ApiGateway', 0, N'{"X-Original-For":"::1:61144","channel":"Anno.Plugs.Trace","router":"Router","method":"GetServiceInstances","profile":"wfzfGLtNOOPVE/UPxh4EH8PHSUh5fWpSLHA/URZjvZW2AqIzAmvmtw==","uname":"anno","t":"697","TraceId":"03a8cc1a-028c-4e80-97ef-369be24c1c28","PreTraceId":"","GlobalTraceId":"65781dfb-d07b-4fb0-bfeb-4c5a0c4ce7e0","AppName":"ApiGateway","Target":"192.168.1.7:7011","AppNameTarget":"ViperService-01","TTL":"0"}', NULL, N'::1:61144', N'192.168.1.7:7011', NULL, CAST(N'2021-07-08T10:13:07.700' AS DateTime), N'Anno.Plugs.Trace', N'Router', N'GetServiceInstances', N'anno', CAST(6.50300 AS Decimal(18, 5)), 1)
GO
INSERT [dbo].[sys_trace] ([id], [GlobalTraceId], [TraceId], [PreTraceId], [AppNameTarget], [AppName], [TTL], [Request], [Response], [Ip], [Target], [UserId], [Timespan], [Askchannel], [Askrouter], [Askmethod], [Uname], [UseTimeMs], [Rlt]) VALUES (419320725131264, N'8687e8fd-bab2-42c1-a6ad-9549c01ae777', N'4e951ba1-8e0d-4fc0-8cc7-01276e91645f', N'', N'ViperService-01', N'ApiGateway', 0, N'{"X-Original-For":"::1:54573","channel":"Anno.Plugs.Trace","router":"Router","method":"GetRoutingInfo","profile":"wfzfGLtNOOPVE/UPxh4EH8PHSUh5fWpSLHA/URZjvZW2AqIzAmvmtw==","uname":"anno","appName":"ViperService-01","t":"621","TraceId":"4e951ba1-8e0d-4fc0-8cc7-01276e91645f","PreTraceId":"","GlobalTraceId":"8687e8fd-bab2-42c1-a6ad-9549c01ae777","AppName":"ApiGateway","Target":"192.168.1.7:7011","AppNameTarget":"ViperService-01","TTL":"0"}', NULL, N'::1:54573', N'192.168.1.7:7011', NULL, CAST(N'2021-07-08T10:13:10.627' AS DateTime), N'Anno.Plugs.Trace', N'Router', N'GetRoutingInfo', N'anno', CAST(52.99990 AS Decimal(18, 5)), 1)
GO
INSERT [dbo].[sys_trace] ([id], [GlobalTraceId], [TraceId], [PreTraceId], [AppNameTarget], [AppName], [TTL], [Request], [Response], [Ip], [Target], [UserId], [Timespan], [Askchannel], [Askrouter], [Askmethod], [Uname], [UseTimeMs], [Rlt]) VALUES (419320806256640, N'8e1a7fc5-3f29-4850-8968-d83db1b758ab', N'e41025fd-3c2d-4d88-8ffd-33d287b74976', N'', N'ViperService-01', N'ApiGateway', 0, N'{"X-Original-For":"::1:54239","channel":"Anno.Plugs.Logic","router":"Platform","method":"GetAllbif_company","profile":"wfzfGLtNOOPVE/UPxh4EH8PHSUh5fWpSLHA/URZjvZW2AqIzAmvmtw==","uname":"anno","where":"{ \"rules\": [{ \"field\": \"name\", \"op\": \"like\", \"value\": \"\", \"type\": \"string\" }], \"op\": \"and\" }","page":"1","pagesize":"20","t":"628","TraceId":"e41025fd-3c2d-4d88-8ffd-33d287b74976","PreTraceId":"","GlobalTraceId":"8e1a7fc5-3f29-4850-8968-d83db1b758ab","AppName":"ApiGateway","Target":"192.168.1.7:7011","AppNameTarget":"ViperService-01","TTL":"0"}', NULL, N'::1:54239', N'192.168.1.7:7011', NULL, CAST(N'2021-07-08T10:13:29.630' AS DateTime), N'Anno.Plugs.Logic', N'Platform', N'GetAllbif_company', N'anno', CAST(63.67490 AS Decimal(18, 5)), 1)
GO
INSERT [dbo].[sys_trace] ([id], [GlobalTraceId], [TraceId], [PreTraceId], [AppNameTarget], [AppName], [TTL], [Request], [Response], [Ip], [Target], [UserId], [Timespan], [Askchannel], [Askrouter], [Askmethod], [Uname], [UseTimeMs], [Rlt]) VALUES (419320847175680, N'fd63eeb6-ab07-49ab-96ff-84fa0c5c494e', N'2a4da2d0-02c6-4e7b-8cc7-5b50cf6cf4da', N'', N'ViperService-01', N'ApiGateway', 0, N'{"X-Original-For":"::1:54239","channel":"Anno.Plugs.Logic","router":"Platform","method":"GetAllsys_member","profile":"wfzfGLtNOOPVE/UPxh4EH8PHSUh5fWpSLHA/URZjvZW2AqIzAmvmtw==","uname":"anno","where":"{ \"rules\": [{ \"field\": \"account\", \"op\": \"like\", \"value\": \"\", \"type\": \"string\" }], \"op\": \"and\" }","page":"1","pagesize":"20","t":"97","TraceId":"2a4da2d0-02c6-4e7b-8cc7-5b50cf6cf4da","PreTraceId":"","GlobalTraceId":"fd63eeb6-ab07-49ab-96ff-84fa0c5c494e","AppName":"ApiGateway","Target":"192.168.1.7:7011","AppNameTarget":"ViperService-01","TTL":"0"}', NULL, N'::1:54239', N'192.168.1.7:7011', NULL, CAST(N'2021-07-08T10:13:32.100' AS DateTime), N'Anno.Plugs.Logic', N'Platform', N'GetAllsys_member', N'anno', CAST(96.92180 AS Decimal(18, 5)), 1)
GO
INSERT [dbo].[sys_trace] ([id], [GlobalTraceId], [TraceId], [PreTraceId], [AppNameTarget], [AppName], [TTL], [Request], [Response], [Ip], [Target], [UserId], [Timespan], [Askchannel], [Askrouter], [Askmethod], [Uname], [UseTimeMs], [Rlt]) VALUES (419320847175681, N'8426f246-96eb-4c0f-ae2d-6bd7498cc034', N'bf8df7fc-65fc-4e7f-8c17-4a8f8ffb374b', N'', N'ViperService-01', N'ApiGateway', 0, N'{"X-Original-For":"::1:61009","channel":"Anno.Plugs.Logic","router":"Platform","method":"Get_rfs","profile":"wfzfGLtNOOPVE/UPxh4EH8PHSUh5fWpSLHA/URZjvZW2AqIzAmvmtw==","uname":"anno","t":"713","TraceId":"bf8df7fc-65fc-4e7f-8c17-4a8f8ffb374b","PreTraceId":"","GlobalTraceId":"8426f246-96eb-4c0f-ae2d-6bd7498cc034","AppName":"ApiGateway","Target":"192.168.1.7:7011","AppNameTarget":"ViperService-01","TTL":"0"}', NULL, N'::1:61009', N'192.168.1.7:7011', NULL, CAST(N'2021-07-08T10:13:35.717' AS DateTime), N'Anno.Plugs.Logic', N'Platform', N'Get_rfs', N'anno', CAST(75.10880 AS Decimal(18, 5)), 1)
GO
INSERT [dbo].[sys_trace] ([id], [GlobalTraceId], [TraceId], [PreTraceId], [AppNameTarget], [AppName], [TTL], [Request], [Response], [Ip], [Target], [UserId], [Timespan], [Askchannel], [Askrouter], [Askmethod], [Uname], [UseTimeMs], [Rlt]) VALUES (419320847175682, N'aa997328-feea-4720-8028-e8dc753fbf0f', N'9b8a9291-82dd-4157-9a94-bb49eb5ecb42', N'', N'ViperService-01', N'ApiGateway', 0, N'{"X-Original-For":"::1:61009","channel":"Anno.Plugs.Logic","router":"Platform","method":"GetRolePage","profile":"wfzfGLtNOOPVE/UPxh4EH8PHSUh5fWpSLHA/URZjvZW2AqIzAmvmtw==","uname":"anno","roleName":"","page":"1","pagesize":"20","t":"93","TraceId":"9b8a9291-82dd-4157-9a94-bb49eb5ecb42","PreTraceId":"","GlobalTraceId":"aa997328-feea-4720-8028-e8dc753fbf0f","AppName":"ApiGateway","Target":"192.168.1.7:7011","AppNameTarget":"ViperService-01","TTL":"0"}', NULL, N'::1:61009', N'192.168.1.7:7011', NULL, CAST(N'2021-07-08T10:13:37.097' AS DateTime), N'Anno.Plugs.Logic', N'Platform', N'GetRolePage', N'anno', CAST(85.67960 AS Decimal(18, 5)), 1)
GO
INSERT [dbo].[sys_trace] ([id], [GlobalTraceId], [TraceId], [PreTraceId], [AppNameTarget], [AppName], [TTL], [Request], [Response], [Ip], [Target], [UserId], [Timespan], [Askchannel], [Askrouter], [Askmethod], [Uname], [UseTimeMs], [Rlt]) VALUES (419320847175683, N'113c2b8c-d0e6-4777-9f2e-9de06a18aa4d', N'94defd51-e1a2-4d82-abab-243cd4765dcd', N'', N'ViperService-01', N'ApiGateway', 0, N'{"X-Original-For":"::1:54239","channel":"Anno.Plugs.Logic","router":"Platform","method":"Get_all_power","profile":"wfzfGLtNOOPVE/UPxh4EH8PHSUh5fWpSLHA/URZjvZW2AqIzAmvmtw==","uname":"anno","t":"497","TraceId":"94defd51-e1a2-4d82-abab-243cd4765dcd","PreTraceId":"","GlobalTraceId":"113c2b8c-d0e6-4777-9f2e-9de06a18aa4d","AppName":"ApiGateway","Target":"192.168.1.7:7011","AppNameTarget":"ViperService-01","TTL":"0"}', NULL, N'::1:54239', N'192.168.1.7:7011', NULL, CAST(N'2021-07-08T10:13:38.500' AS DateTime), N'Anno.Plugs.Logic', N'Platform', N'Get_all_power', N'anno', CAST(25.52270 AS Decimal(18, 5)), 1)
GO
/****** Object:  Index [id]    Script Date: 2021/7/8 10:15:43 ******/
CREATE UNIQUE NONCLUSTERED INDEX [id] ON [dbo].[bif_company]
(
	[id] ASC
)WITH (PAD_INDEX = OFF, STATISTICS_NORECOMPUTE = OFF, SORT_IN_TEMPDB = OFF, IGNORE_DUP_KEY = OFF, DROP_EXISTING = OFF, ONLINE = OFF, ALLOW_ROW_LOCKS = ON, ALLOW_PAGE_LOCKS = ON, OPTIMIZE_FOR_SEQUENTIAL_KEY = OFF) ON [PRIMARY]
GO
/****** Object:  Index [id]    Script Date: 2021/7/8 10:15:43 ******/
CREATE UNIQUE NONCLUSTERED INDEX [id] ON [dbo].[sys_func]
(
	[id] ASC
)WITH (PAD_INDEX = OFF, STATISTICS_NORECOMPUTE = OFF, SORT_IN_TEMPDB = OFF, IGNORE_DUP_KEY = OFF, DROP_EXISTING = OFF, ONLINE = OFF, ALLOW_ROW_LOCKS = ON, ALLOW_PAGE_LOCKS = ON, OPTIMIZE_FOR_SEQUENTIAL_KEY = OFF) ON [PRIMARY]
GO
/****** Object:  Index [id]    Script Date: 2021/7/8 10:15:43 ******/
CREATE UNIQUE NONCLUSTERED INDEX [id] ON [dbo].[sys_func_roles_link]
(
	[id] ASC
)WITH (PAD_INDEX = OFF, STATISTICS_NORECOMPUTE = OFF, SORT_IN_TEMPDB = OFF, IGNORE_DUP_KEY = OFF, DROP_EXISTING = OFF, ONLINE = OFF, ALLOW_ROW_LOCKS = ON, ALLOW_PAGE_LOCKS = ON, OPTIMIZE_FOR_SEQUENTIAL_KEY = OFF) ON [PRIMARY]
GO
/****** Object:  Index [id]    Script Date: 2021/7/8 10:15:43 ******/
CREATE UNIQUE NONCLUSTERED INDEX [id] ON [dbo].[sys_log]
(
	[Id] ASC
)WITH (PAD_INDEX = OFF, STATISTICS_NORECOMPUTE = OFF, SORT_IN_TEMPDB = OFF, IGNORE_DUP_KEY = OFF, DROP_EXISTING = OFF, ONLINE = OFF, ALLOW_ROW_LOCKS = ON, ALLOW_PAGE_LOCKS = ON, OPTIMIZE_FOR_SEQUENTIAL_KEY = OFF) ON [PRIMARY]
GO
/****** Object:  Index [id]    Script Date: 2021/7/8 10:15:43 ******/
CREATE UNIQUE NONCLUSTERED INDEX [id] ON [dbo].[sys_member]
(
	[id] ASC
)WITH (PAD_INDEX = OFF, STATISTICS_NORECOMPUTE = OFF, SORT_IN_TEMPDB = OFF, IGNORE_DUP_KEY = OFF, DROP_EXISTING = OFF, ONLINE = OFF, ALLOW_ROW_LOCKS = ON, ALLOW_PAGE_LOCKS = ON, OPTIMIZE_FOR_SEQUENTIAL_KEY = OFF) ON [PRIMARY]
GO
/****** Object:  Index [id]    Script Date: 2021/7/8 10:15:43 ******/
CREATE UNIQUE NONCLUSTERED INDEX [id] ON [dbo].[sys_member_roles_link]
(
	[id] ASC
)WITH (PAD_INDEX = OFF, STATISTICS_NORECOMPUTE = OFF, SORT_IN_TEMPDB = OFF, IGNORE_DUP_KEY = OFF, DROP_EXISTING = OFF, ONLINE = OFF, ALLOW_ROW_LOCKS = ON, ALLOW_PAGE_LOCKS = ON, OPTIMIZE_FOR_SEQUENTIAL_KEY = OFF) ON [PRIMARY]
GO
/****** Object:  Index [id]    Script Date: 2021/7/8 10:15:43 ******/
CREATE UNIQUE NONCLUSTERED INDEX [id] ON [dbo].[sys_roles]
(
	[id] ASC
)WITH (PAD_INDEX = OFF, STATISTICS_NORECOMPUTE = OFF, SORT_IN_TEMPDB = OFF, IGNORE_DUP_KEY = OFF, DROP_EXISTING = OFF, ONLINE = OFF, ALLOW_ROW_LOCKS = ON, ALLOW_PAGE_LOCKS = ON, OPTIMIZE_FOR_SEQUENTIAL_KEY = OFF) ON [PRIMARY]
GO
/****** Object:  Index [sys_trace_Timespan_index]    Script Date: 2021/7/8 10:15:43 ******/
CREATE NONCLUSTERED INDEX [sys_trace_Timespan_index] ON [dbo].[sys_trace]
(
	[Timespan] ASC
)WITH (PAD_INDEX = OFF, STATISTICS_NORECOMPUTE = OFF, SORT_IN_TEMPDB = OFF, DROP_EXISTING = OFF, ONLINE = OFF, ALLOW_ROW_LOCKS = ON, ALLOW_PAGE_LOCKS = ON, OPTIMIZE_FOR_SEQUENTIAL_KEY = OFF) ON [PRIMARY]
GO
ALTER TABLE [dbo].[bif_company] ADD  CONSTRAINT [DF__bif_compa__state__3F466844]  DEFAULT ((0)) FOR [state]
GO
ALTER TABLE [dbo].[bif_company] ADD  CONSTRAINT [DF__bif_company__rdt__4316F928]  DEFAULT (getdate()) FOR [rdt]
GO
ALTER TABLE [dbo].[sys_func] ADD  CONSTRAINT [DF__sys_func__show__403A8C7D]  DEFAULT ((1)) FOR [show]
GO
ALTER TABLE [dbo].[sys_log] ADD  CONSTRAINT [DF__sys_log__LogType__412EB0B6]  DEFAULT ((0)) FOR [LogType]
GO
ALTER TABLE [dbo].[sys_member] ADD  CONSTRAINT [DF__sys_member__coid__4222D4EF]  DEFAULT ((-1)) FOR [coid]
GO
ALTER TABLE [dbo].[sys_member] ADD  CONSTRAINT [DF__sys_membe__state__440B1D61]  DEFAULT ((1)) FOR [state]
GO
ALTER TABLE [dbo].[sys_member] ADD  CONSTRAINT [DF__sys_member__rdt__44FF419A]  DEFAULT (getdate()) FOR [rdt]
GO
ALTER TABLE [dbo].[sys_trace] ADD  CONSTRAINT [DF__sys_trace__UseTi__4BAC3F29]  DEFAULT ((-1)) FOR [UseTimeMs]
GO
ALTER TABLE [dbo].[sys_trace] ADD  CONSTRAINT [DF__sys_trace__Rlt__4CA06362]  DEFAULT ((1)) FOR [Rlt]
GO
EXEC sys.sp_addextendedproperty @name=N'MS_Description', @value=N'统一社会信用代码' , @level0type=N'SCHEMA',@level0name=N'dbo', @level1type=N'TABLE',@level1name=N'bif_company', @level2type=N'COLUMN',@level2name=N'code'
GO
EXEC sys.sp_addextendedproperty @name=N'MS_Description', @value=N'名称' , @level0type=N'SCHEMA',@level0name=N'dbo', @level1type=N'TABLE',@level1name=N'bif_company', @level2type=N'COLUMN',@level2name=N'name'
GO
EXEC sys.sp_addextendedproperty @name=N'MS_Description', @value=N'企业类型' , @level0type=N'SCHEMA',@level0name=N'dbo', @level1type=N'TABLE',@level1name=N'bif_company', @level2type=N'COLUMN',@level2name=N'type'
GO
EXEC sys.sp_addextendedproperty @name=N'MS_Description', @value=N'邮编' , @level0type=N'SCHEMA',@level0name=N'dbo', @level1type=N'TABLE',@level1name=N'bif_company', @level2type=N'COLUMN',@level2name=N'zip'
GO
EXEC sys.sp_addextendedproperty @name=N'MS_Description', @value=N'负责人' , @level0type=N'SCHEMA',@level0name=N'dbo', @level1type=N'TABLE',@level1name=N'bif_company', @level2type=N'COLUMN',@level2name=N'person'
GO
EXEC sys.sp_addextendedproperty @name=N'MS_Description', @value=N'记录时间' , @level0type=N'SCHEMA',@level0name=N'dbo', @level1type=N'TABLE',@level1name=N'bif_company', @level2type=N'COLUMN',@level2name=N'rdt'
GO
EXEC sys.sp_addextendedproperty @name=N'MS_Description', @value=N'链路追踪TraceId' , @level0type=N'SCHEMA',@level0name=N'dbo', @level1type=N'TABLE',@level1name=N'sys_log', @level2type=N'COLUMN',@level2name=N'TraceId'
GO
EXEC sys.sp_addextendedproperty @name=N'MS_Description', @value=N'日志名称' , @level0type=N'SCHEMA',@level0name=N'dbo', @level1type=N'TABLE',@level1name=N'sys_log', @level2type=N'COLUMN',@level2name=N'Title'
GO
EXEC sys.sp_addextendedproperty @name=N'MS_Description', @value=N'操作人' , @level0type=N'SCHEMA',@level0name=N'dbo', @level1type=N'TABLE',@level1name=N'sys_log', @level2type=N'COLUMN',@level2name=N'Uname'
GO
EXEC sys.sp_addextendedproperty @name=N'MS_Description', @value=N'日志类型' , @level0type=N'SCHEMA',@level0name=N'dbo', @level1type=N'TABLE',@level1name=N'sys_log', @level2type=N'COLUMN',@level2name=N'LogType'
GO
EXEC sys.sp_addextendedproperty @name=N'MS_Description', @value=N'应用名称' , @level0type=N'SCHEMA',@level0name=N'dbo', @level1type=N'TABLE',@level1name=N'sys_log', @level2type=N'COLUMN',@level2name=N'AppName'
GO
EXEC sys.sp_addextendedproperty @name=N'MS_Description', @value=N'操作内容' , @level0type=N'SCHEMA',@level0name=N'dbo', @level1type=N'TABLE',@level1name=N'sys_log', @level2type=N'COLUMN',@level2name=N'Content'
GO
EXEC sys.sp_addextendedproperty @name=N'MS_Description', @value=N'记录时间' , @level0type=N'SCHEMA',@level0name=N'dbo', @level1type=N'TABLE',@level1name=N'sys_log', @level2type=N'COLUMN',@level2name=N'Timespan'
GO
EXEC sys.sp_addextendedproperty @name=N'MS_Description', @value=N'公司ID' , @level0type=N'SCHEMA',@level0name=N'dbo', @level1type=N'TABLE',@level1name=N'sys_member', @level2type=N'COLUMN',@level2name=N'coid'
GO
EXEC sys.sp_addextendedproperty @name=N'MS_Description', @value=N'1 启用 0 禁用' , @level0type=N'SCHEMA',@level0name=N'dbo', @level1type=N'TABLE',@level1name=N'sys_member', @level2type=N'COLUMN',@level2name=N'state'
GO
EXEC sys.sp_addextendedproperty @name=N'MS_Description', @value=N'注册时间' , @level0type=N'SCHEMA',@level0name=N'dbo', @level1type=N'TABLE',@level1name=N'sys_member', @level2type=N'COLUMN',@level2name=N'rdt'
GO
EXEC sys.sp_addextendedproperty @name=N'MS_Description', @value=N'调用链唯一标识' , @level0type=N'SCHEMA',@level0name=N'dbo', @level1type=N'TABLE',@level1name=N'sys_trace', @level2type=N'COLUMN',@level2name=N'TraceId'
GO
EXEC sys.sp_addextendedproperty @name=N'MS_Description', @value=N'上级调用链唯一标识' , @level0type=N'SCHEMA',@level0name=N'dbo', @level1type=N'TABLE',@level1name=N'sys_trace', @level2type=N'COLUMN',@level2name=N'PreTraceId'
GO
EXEC sys.sp_addextendedproperty @name=N'MS_Description', @value=N'目标App名称' , @level0type=N'SCHEMA',@level0name=N'dbo', @level1type=N'TABLE',@level1name=N'sys_trace', @level2type=N'COLUMN',@level2name=N'AppNameTarget'
GO
EXEC sys.sp_addextendedproperty @name=N'MS_Description', @value=N'App名称' , @level0type=N'SCHEMA',@level0name=N'dbo', @level1type=N'TABLE',@level1name=N'sys_trace', @level2type=N'COLUMN',@level2name=N'AppName'
GO
EXEC sys.sp_addextendedproperty @name=N'MS_Description', @value=N'跳转次数' , @level0type=N'SCHEMA',@level0name=N'dbo', @level1type=N'TABLE',@level1name=N'sys_trace', @level2type=N'COLUMN',@level2name=N'TTL'
GO
EXEC sys.sp_addextendedproperty @name=N'MS_Description', @value=N'请求参数' , @level0type=N'SCHEMA',@level0name=N'dbo', @level1type=N'TABLE',@level1name=N'sys_trace', @level2type=N'COLUMN',@level2name=N'Request'
GO
EXEC sys.sp_addextendedproperty @name=N'MS_Description', @value=N'响应参数' , @level0type=N'SCHEMA',@level0name=N'dbo', @level1type=N'TABLE',@level1name=N'sys_trace', @level2type=N'COLUMN',@level2name=N'Response'
GO
EXEC sys.sp_addextendedproperty @name=N'MS_Description', @value=N'操作人IP' , @level0type=N'SCHEMA',@level0name=N'dbo', @level1type=N'TABLE',@level1name=N'sys_trace', @level2type=N'COLUMN',@level2name=N'Ip'
GO
EXEC sys.sp_addextendedproperty @name=N'MS_Description', @value=N'目标地址' , @level0type=N'SCHEMA',@level0name=N'dbo', @level1type=N'TABLE',@level1name=N'sys_trace', @level2type=N'COLUMN',@level2name=N'Target'
GO
EXEC sys.sp_addextendedproperty @name=N'MS_Description', @value=N'操作人ID' , @level0type=N'SCHEMA',@level0name=N'dbo', @level1type=N'TABLE',@level1name=N'sys_trace', @level2type=N'COLUMN',@level2name=N'UserId'
GO
EXEC sys.sp_addextendedproperty @name=N'MS_Description', @value=N'记录时间' , @level0type=N'SCHEMA',@level0name=N'dbo', @level1type=N'TABLE',@level1name=N'sys_trace', @level2type=N'COLUMN',@level2name=N'Timespan'
GO
EXEC sys.sp_addextendedproperty @name=N'MS_Description', @value=N'请求管道' , @level0type=N'SCHEMA',@level0name=N'dbo', @level1type=N'TABLE',@level1name=N'sys_trace', @level2type=N'COLUMN',@level2name=N'Askchannel'
GO
EXEC sys.sp_addextendedproperty @name=N'MS_Description', @value=N'请求路由' , @level0type=N'SCHEMA',@level0name=N'dbo', @level1type=N'TABLE',@level1name=N'sys_trace', @level2type=N'COLUMN',@level2name=N'Askrouter'
GO
EXEC sys.sp_addextendedproperty @name=N'MS_Description', @value=N'业务方法' , @level0type=N'SCHEMA',@level0name=N'dbo', @level1type=N'TABLE',@level1name=N'sys_trace', @level2type=N'COLUMN',@level2name=N'Askmethod'
GO
EXEC sys.sp_addextendedproperty @name=N'MS_Description', @value=N'用户名' , @level0type=N'SCHEMA',@level0name=N'dbo', @level1type=N'TABLE',@level1name=N'sys_trace', @level2type=N'COLUMN',@level2name=N'Uname'
GO
EXEC sys.sp_addextendedproperty @name=N'MS_Description', @value=N'处理结果' , @level0type=N'SCHEMA',@level0name=N'dbo', @level1type=N'TABLE',@level1name=N'sys_trace', @level2type=N'COLUMN',@level2name=N'Rlt'
GO
USE [master]
GO
ALTER DATABASE [viper] SET  READ_WRITE 
GO
